,dataflow_id,datafow_name,action_type
0,185,DDX_Landing Page_DEV,LoadFromVault
1,185,DDX_Landing Page_DEV,WindowAction
2,185,DDX_Landing Page_DEV,ExpressionEvaluator
3,185,DDX_Landing Page_DEV,Metadata
4,185,DDX_Landing Page_DEV,SelectValues
5,185,DDX_Landing Page_DEV,ExpressionEvaluator
6,185,DDX_Landing Page_DEV,PublishToVault
7,340,Demo Active Employees,LoadFromVault
8,340,Demo Active Employees,SelectValues
9,340,Demo Active Employees,LoadFromVault
10,340,Demo Active Employees,Filter
11,340,Demo Active Employees,SelectValues
12,340,Demo Active Employees,Constant
13,340,Demo Active Employees,Constant
14,340,Demo Active Employees,MergeJoin
15,340,Demo Active Employees,Filter
16,340,Demo Active Employees,SelectValues
17,340,Demo Active Employees,PublishToVault
18,339,LL NPO Actuals + Forecast,LoadFromVault
19,339,LL NPO Actuals + Forecast,LoadFromVault
20,339,LL NPO Actuals + Forecast,Metadata
21,339,LL NPO Actuals + Forecast,UnionAll
22,339,LL NPO Actuals + Forecast,PublishToVault
23,309,Monroe Weather Data Cleanup,LoadFromVault
24,309,Monroe Weather Data Cleanup,Metadata
25,309,Monroe Weather Data Cleanup,ExpressionEvaluator
26,309,Monroe Weather Data Cleanup,Filter
27,309,Monroe Weather Data Cleanup,Filter
28,309,Monroe Weather Data Cleanup,WindowAction
29,309,Monroe Weather Data Cleanup,UnionAll
30,309,Monroe Weather Data Cleanup,PublishToVault
31,227,DDX_Landing Page_QA,LoadFromVault
32,227,DDX_Landing Page_QA,WindowAction
33,227,DDX_Landing Page_QA,ExpressionEvaluator
34,227,DDX_Landing Page_QA,Metadata
35,227,DDX_Landing Page_QA,SelectValues
36,227,DDX_Landing Page_QA,ExpressionEvaluator
37,227,DDX_Landing Page_QA,PublishToVault
38,131,BeastModesGovernance_01_AccumulateHistory,LoadFromVault
39,131,BeastModesGovernance_01_AccumulateHistory,ExpressionEvaluator
40,131,BeastModesGovernance_01_AccumulateHistory,PublishToVault
41,37,EX01_FuzzyMatch_Master,LoadFromVault
42,37,EX01_FuzzyMatch_Master,LoadFromVault
43,37,EX01_FuzzyMatch_Master,Unique
44,37,EX01_FuzzyMatch_Master,SelectValues
45,37,EX01_FuzzyMatch_Master,Unique
46,37,EX01_FuzzyMatch_Master,SelectValues
47,37,EX01_FuzzyMatch_Master,PythonEngineAction
48,37,EX01_FuzzyMatch_Master,PublishToVault
49,38,EX01_FuzzyMatch_Master_RECURSIVE,LoadFromVault
50,38,EX01_FuzzyMatch_Master_RECURSIVE,LoadFromVault
51,38,EX01_FuzzyMatch_Master_RECURSIVE,Unique
52,38,EX01_FuzzyMatch_Master_RECURSIVE,LoadFromVault
53,38,EX01_FuzzyMatch_Master_RECURSIVE,GroupBy
54,38,EX01_FuzzyMatch_Master_RECURSIVE,MergeJoin
55,38,EX01_FuzzyMatch_Master_RECURSIVE,Filter
56,38,EX01_FuzzyMatch_Master_RECURSIVE,SelectValues
57,38,EX01_FuzzyMatch_Master_RECURSIVE,Unique
58,38,EX01_FuzzyMatch_Master_RECURSIVE,SelectValues
59,38,EX01_FuzzyMatch_Master_RECURSIVE,PythonEngineAction
60,38,EX01_FuzzyMatch_Master_RECURSIVE,WindowAction
61,38,EX01_FuzzyMatch_Master_RECURSIVE,Filter
62,38,EX01_FuzzyMatch_Master_RECURSIVE,UnionAll
63,38,EX01_FuzzyMatch_Master_RECURSIVE,WindowAction
64,38,EX01_FuzzyMatch_Master_RECURSIVE,Filter
65,38,EX01_FuzzyMatch_Master_RECURSIVE,Metadata
66,38,EX01_FuzzyMatch_Master_RECURSIVE,PublishToVault
67,226,DDX_Landing Page_DEV,LoadFromVault
68,226,DDX_Landing Page_DEV,WindowAction
69,226,DDX_Landing Page_DEV,ExpressionEvaluator
70,226,DDX_Landing Page_DEV,Metadata
71,226,DDX_Landing Page_DEV,SelectValues
72,226,DDX_Landing Page_DEV,ExpressionEvaluator
73,226,DDX_Landing Page_DEV,PublishToVault
74,124,Recursive+Partition_Demo,LoadFromVault
75,124,Recursive+Partition_Demo,Filter
76,124,Recursive+Partition_Demo,PublishToVault
77,46,AW_delete,LoadFromVault
78,46,AW_delete,ValueMapper
79,46,AW_delete,PublishToVault
80,81,Hash Email Hash Test,LoadFromVault
81,81,Hash Email Hash Test,SelectValues
82,81,Hash Email Hash Test,ExpressionEvaluator
83,81,Hash Email Hash Test,PublishToVault
84,75,Calendar Dates With Offsets - Magic ETL,LoadFromVault
85,75,Calendar Dates With Offsets - Magic ETL,Constant
86,75,Calendar Dates With Offsets - Magic ETL,DateCalculator
87,75,Calendar Dates With Offsets - Magic ETL,Constant
88,75,Calendar Dates With Offsets - Magic ETL,DateCalculator
89,75,Calendar Dates With Offsets - Magic ETL,Constant
90,75,Calendar Dates With Offsets - Magic ETL,DateCalculator
91,75,Calendar Dates With Offsets - Magic ETL,Constant
92,75,Calendar Dates With Offsets - Magic ETL,DateCalculator
93,75,Calendar Dates With Offsets - Magic ETL,Constant
94,75,Calendar Dates With Offsets - Magic ETL,DateCalculator
95,75,Calendar Dates With Offsets - Magic ETL,Constant
96,75,Calendar Dates With Offsets - Magic ETL,DateCalculator
97,75,Calendar Dates With Offsets - Magic ETL,UnionAll
98,75,Calendar Dates With Offsets - Magic ETL,SelectValues
99,75,Calendar Dates With Offsets - Magic ETL,PublishToVault
100,120,AT AT Formula Testing,LoadFromVault
101,120,AT AT Formula Testing,ExpressionEvaluator
102,120,AT AT Formula Testing,PublishToVault
103,150,gbrown with Downtime,LoadFromVault
104,150,gbrown with Downtime,DateCalculator
105,150,gbrown with Downtime,Constant
106,150,gbrown with Downtime,NumericCalculator
107,150,gbrown with Downtime,Filter
108,150,gbrown with Downtime,Filter
109,150,gbrown with Downtime,Filter
110,150,gbrown with Downtime,ExpressionEvaluator
111,150,gbrown with Downtime,ExpressionEvaluator
112,150,gbrown with Downtime,ExpressionEvaluator
113,150,gbrown with Downtime,SelectValues
114,150,gbrown with Downtime,SelectValues
115,150,gbrown with Downtime,SelectValues
116,150,gbrown with Downtime,UnionAll
117,150,gbrown with Downtime,PublishToVault
118,42,user046467 v2 with calculations,LoadFromVault
119,42,user046467 v2 with calculations,WindowAction
120,42,user046467 v2 with calculations,ExpressionEvaluator
121,42,user046467 v2 with calculations,PublishToVault
122,156,ap1999 rolling StdDev,LoadFromVault
123,156,ap1999 rolling StdDev,SelectValues
124,156,ap1999 rolling StdDev,Constant
125,156,ap1999 rolling StdDev,Constant
126,156,ap1999 rolling StdDev,MergeJoin
127,156,ap1999 rolling StdDev,Filter
128,156,ap1999 rolling StdDev,GroupBy
129,156,ap1999 rolling StdDev,PublishToVault
130,56,Formula Example for Robyn,LoadFromVault
131,56,Formula Example for Robyn,ExpressionEvaluator
132,56,Formula Example for Robyn,PublishToVault
133,61,gov_datasetEfficiency,LoadFromVault
134,61,gov_datasetEfficiency,SelectValues
135,61,gov_datasetEfficiency,Constant
136,61,gov_datasetEfficiency,LoadFromVault
137,61,gov_datasetEfficiency,SelectValues
138,61,gov_datasetEfficiency,Unique
139,61,gov_datasetEfficiency,Constant
140,61,gov_datasetEfficiency,LoadFromVault
141,61,gov_datasetEfficiency,SelectValues
142,61,gov_datasetEfficiency,Filter
143,61,gov_datasetEfficiency,Filter
144,61,gov_datasetEfficiency,SelectValues
145,61,gov_datasetEfficiency,Filter
146,61,gov_datasetEfficiency,SelectValues
147,61,gov_datasetEfficiency,MergeJoin
148,61,gov_datasetEfficiency,Filter
149,61,gov_datasetEfficiency,ExpressionEvaluator
150,61,gov_datasetEfficiency,UnionAll
151,61,gov_datasetEfficiency,Constant
152,61,gov_datasetEfficiency,LoadFromVault
153,61,gov_datasetEfficiency,SelectValues
154,61,gov_datasetEfficiency,Filter
155,61,gov_datasetEfficiency,Filter
156,61,gov_datasetEfficiency,MergeJoin
157,61,gov_datasetEfficiency,Constant
158,61,gov_datasetEfficiency,Filter
159,61,gov_datasetEfficiency,SelectValues
160,61,gov_datasetEfficiency,MergeJoin
161,61,gov_datasetEfficiency,Constant
162,61,gov_datasetEfficiency,UnionAll
163,61,gov_datasetEfficiency,PublishToVault
164,9,DOMO Covid Datasets,LoadFromVault
165,9,DOMO Covid Datasets,LoadFromVault
166,9,DOMO Covid Datasets,ValueMapper
167,9,DOMO Covid Datasets,DateCalculator
168,9,DOMO Covid Datasets,NumericCalculator
169,9,DOMO Covid Datasets,NumericCalculator
170,9,DOMO Covid Datasets,SelectValues
171,9,DOMO Covid Datasets,PublishToVault
172,9,DOMO Covid Datasets,SelectValues
173,9,DOMO Covid Datasets,NormalizeAll
174,9,DOMO Covid Datasets,PublishToVault
175,9,DOMO Covid Datasets,GroupBy
176,9,DOMO Covid Datasets,WindowAction
177,9,DOMO Covid Datasets,WindowAction
178,9,DOMO Covid Datasets,WindowAction
179,9,DOMO Covid Datasets,SelectValues
180,9,DOMO Covid Datasets,Filter
181,9,DOMO Covid Datasets,GroupBy
182,9,DOMO Covid Datasets,WindowAction
183,9,DOMO Covid Datasets,WindowAction
184,9,DOMO Covid Datasets,WindowAction
185,9,DOMO Covid Datasets,SelectValues
186,9,DOMO Covid Datasets,DateCalculator
187,9,DOMO Covid Datasets,NumericCalculator
188,9,DOMO Covid Datasets,NumericCalculator
189,9,DOMO Covid Datasets,MergeJoin
190,9,DOMO Covid Datasets,MergeJoin
191,9,DOMO Covid Datasets,SelectValues
192,9,DOMO Covid Datasets,PublishToVault
193,9,DOMO Covid Datasets,LoadFromVault
194,9,DOMO Covid Datasets,ValueMapper
195,9,DOMO Covid Datasets,ValueMapper
196,9,DOMO Covid Datasets,ValueMapper
197,9,DOMO Covid Datasets,ValueMapper
198,9,DOMO Covid Datasets,NumericCalculator
199,9,DOMO Covid Datasets,NumericCalculator
200,9,DOMO Covid Datasets,DateCalculator
201,9,DOMO Covid Datasets,ValueMapper
202,9,DOMO Covid Datasets,ConcatFields
203,9,DOMO Covid Datasets,GroupBy
204,9,DOMO Covid Datasets,WindowAction
205,9,DOMO Covid Datasets,WindowAction
206,9,DOMO Covid Datasets,WindowAction
207,9,DOMO Covid Datasets,ConcatFields
208,9,DOMO Covid Datasets,MergeJoin
209,9,DOMO Covid Datasets,SelectValues
210,9,DOMO Covid Datasets,PublishToVault
211,23,Simple Sample Set_Rolling Averages,LoadFromVault
212,23,Simple Sample Set_Rolling Averages,Constant
213,23,Simple Sample Set_Rolling Averages,SetValueField
214,23,Simple Sample Set_Rolling Averages,Metadata
215,23,Simple Sample Set_Rolling Averages,GroupBy
216,23,Simple Sample Set_Rolling Averages,LoadFromVault
217,23,Simple Sample Set_Rolling Averages,SelectValues
218,23,Simple Sample Set_Rolling Averages,Constant
219,23,Simple Sample Set_Rolling Averages,MergeJoin
220,23,Simple Sample Set_Rolling Averages,Filter
221,23,Simple Sample Set_Rolling Averages,ConcatFields
222,23,Simple Sample Set_Rolling Averages,ConcatFields
223,23,Simple Sample Set_Rolling Averages,GroupBy
224,23,Simple Sample Set_Rolling Averages,MergeJoin
225,23,Simple Sample Set_Rolling Averages,ConcatFields
226,23,Simple Sample Set_Rolling Averages,MergeJoin
227,23,Simple Sample Set_Rolling Averages,GroupBy
228,23,Simple Sample Set_Rolling Averages,WindowAction
229,23,Simple Sample Set_Rolling Averages,ConcatFields
230,23,Simple Sample Set_Rolling Averages,MergeJoin
231,23,Simple Sample Set_Rolling Averages,PublishToVault
232,23,Simple Sample Set_Rolling Averages,Filter
233,23,Simple Sample Set_Rolling Averages,PublishToVault
234,53,ONYX_AvgOfAnAvg_DASH,LoadFromVault
235,53,ONYX_AvgOfAnAvg_DASH,ExpressionEvaluator
236,53,ONYX_AvgOfAnAvg_DASH,GroupBy
237,53,ONYX_AvgOfAnAvg_DASH,ExpressionEvaluator
238,53,ONYX_AvgOfAnAvg_DASH,GroupBy
239,53,ONYX_AvgOfAnAvg_DASH,ExpressionEvaluator
240,53,ONYX_AvgOfAnAvg_DASH,UnionAll
241,53,ONYX_AvgOfAnAvg_DASH,PublishToVault
242,40,test_upsert,LoadFromVault
243,40,test_upsert,Unique
244,40,test_upsert,WindowAction
245,40,test_upsert,PublishToVault
246,69,Copy of gov_datasets_INT,LoadFromVault
247,69,Copy of gov_datasets_INT,ExpressionEvaluator
248,69,Copy of gov_datasets_INT,PublishToVault
249,76,Running Total for Ayy Count,LoadFromVault
250,76,Running Total for Ayy Count,Constant
251,76,Running Total for Ayy Count,Filter
252,76,Running Total for Ayy Count,Metadata
253,76,Running Total for Ayy Count,DateCalculator
254,76,Running Total for Ayy Count,TextFormatting
255,76,Running Total for Ayy Count,WindowAction
256,76,Running Total for Ayy Count,PublishToVault
257,80,mhouston ETL,LoadFromVault
258,80,mhouston ETL,Denormaliser
259,80,mhouston ETL,ExpressionEvaluator
260,80,mhouston ETL,PublishToVault
261,119,New ETL Transform,LoadFromVault
262,119,New ETL Transform,MLInferenceAction
263,119,New ETL Transform,PublishToVault
264,119,New ETL Transform,SelectValues
265,119,New ETL Transform,MLInferenceAction
266,119,New ETL Transform,PublishToVault
267,112,Time Zone Test,LoadFromVault
268,112,Time Zone Test,ExpressionEvaluator
269,112,Time Zone Test,DateCalculator
270,112,Time Zone Test,ExpressionEvaluator
271,112,Time Zone Test,PublishToVault
272,30,copy of super simple sample,LoadFromVault
273,30,copy of super simple sample,ExpressionEvaluator
274,30,copy of super simple sample,PublishToVault
275,55,DM | Forecast Training,LoadFromVault
276,55,DM | Forecast Training,DateCalculator
277,55,DM | Forecast Training,UserDefinedAction
278,55,DM | Forecast Training,PublishToVault
279,114,Append Dataflow - CLI (FAST),LoadFromVault
280,114,Append Dataflow - CLI (FAST),PublishToVault
281,71,Employment Status,LoadFromVault
282,71,Employment Status,SelectValues
283,71,Employment Status,ExpressionEvaluator
284,71,Employment Status,LoadFromVault
285,71,Employment Status,ExpressionEvaluator
286,71,Employment Status,Constant
287,71,Employment Status,GroupBy
288,71,Employment Status,MergeJoin
289,71,Employment Status,Filter
290,71,Employment Status,ExpressionEvaluator
291,71,Employment Status,SelectValues
292,71,Employment Status,PublishToVault
293,96,Course Builder Demo,LoadFromVault
294,96,Course Builder Demo,LoadFromVault
295,96,Course Builder Demo,SelectValues
296,96,Course Builder Demo,ExpressionEvaluator
297,96,Course Builder Demo,Filter
298,96,Course Builder Demo,GroupBy
299,96,Course Builder Demo,Metadata
300,96,Course Builder Demo,MergeJoin
301,96,Course Builder Demo,ExpressionEvaluator
302,96,Course Builder Demo,LoadFromVault
303,96,Course Builder Demo,Filter
304,96,Course Builder Demo,SelectValues
305,96,Course Builder Demo,MergeJoin
306,96,Course Builder Demo,PublishToVault
307,96,Course Builder Demo,ExpressionEvaluator
308,96,Course Builder Demo,SelectValues
309,96,Course Builder Demo,GroupBy
310,96,Course Builder Demo,MergeJoin
311,96,Course Builder Demo,Filter
312,96,Course Builder Demo,MergeJoin
313,96,Course Builder Demo,MergeJoin
314,96,Course Builder Demo,PublishToVault
315,96,Course Builder Demo,Filter
316,96,Course Builder Demo,ExpressionEvaluator
317,96,Course Builder Demo,SelectValues
318,96,Course Builder Demo,Filter
319,96,Course Builder Demo,ExpressionEvaluator
320,96,Course Builder Demo,SelectValues
321,96,Course Builder Demo,Filter
322,96,Course Builder Demo,ExpressionEvaluator
323,96,Course Builder Demo,SelectValues
324,96,Course Builder Demo,MergeJoin
325,96,Course Builder Demo,ExpressionEvaluator
326,96,Course Builder Demo,Metadata
327,96,Course Builder Demo,Filter
328,96,Course Builder Demo,ExpressionEvaluator
329,96,Course Builder Demo,SelectValues
330,96,Course Builder Demo,MergeJoin
331,96,Course Builder Demo,ExpressionEvaluator
332,96,Course Builder Demo,Metadata
333,96,Course Builder Demo,MergeJoin
334,96,Course Builder Demo,ExpressionEvaluator
335,96,Course Builder Demo,Metadata
336,96,Course Builder Demo,MergeJoin
337,96,Course Builder Demo,ExpressionEvaluator
338,96,Course Builder Demo,SelectValues
339,96,Course Builder Demo,ExpressionEvaluator
340,96,Course Builder Demo,Unique
341,96,Course Builder Demo,PublishToVault
342,96,Course Builder Demo,PublishToVault
343,96,Course Builder Demo,LoadFromVault
344,96,Course Builder Demo,SelectValues
345,96,Course Builder Demo,Unique
346,96,Course Builder Demo,MergeJoin
347,96,Course Builder Demo,Filter
348,96,Course Builder Demo,ExpressionEvaluator
349,96,Course Builder Demo,SelectValues
350,96,Course Builder Demo,GroupBy
351,96,Course Builder Demo,MergeJoin
352,96,Course Builder Demo,Filter
353,96,Course Builder Demo,Unique
354,96,Course Builder Demo,GroupBy
355,96,Course Builder Demo,MergeJoin
356,96,Course Builder Demo,Filter
357,96,Course Builder Demo,Metadata
358,96,Course Builder Demo,PublishToVault
359,96,Course Builder Demo,Filter
360,96,Course Builder Demo,ExpressionEvaluator
361,96,Course Builder Demo,SelectValues
362,96,Course Builder Demo,Unique
363,96,Course Builder Demo,PublishToVault
364,102,JW_fcst,LoadFromVault
365,102,JW_fcst,GroupBy
366,102,JW_fcst,UserDefinedAction
367,102,JW_fcst,ExpressionEvaluator
368,102,JW_fcst,Filter
369,102,JW_fcst,PublishToVault
370,102,JW_fcst,GroupBy
371,102,JW_fcst,Filter
372,102,JW_fcst,UserDefinedAction
373,102,JW_fcst,Filter
374,102,JW_fcst,UserDefinedAction
375,102,JW_fcst,ExpressionEvaluator
376,102,JW_fcst,ExpressionEvaluator
377,102,JW_fcst,UnionAll
378,102,JW_fcst,PublishToVault
379,102,JW_fcst,GroupBy
380,102,JW_fcst,ExpressionEvaluator
381,102,JW_fcst,Filter
382,102,JW_fcst,Filter
383,102,JW_fcst,UserDefinedAction
384,102,JW_fcst,Filter
385,102,JW_fcst,ExpressionEvaluator
386,102,JW_fcst,Filter
387,102,JW_fcst,Filter
388,102,JW_fcst,UserDefinedAction
389,102,JW_fcst,UserDefinedAction
390,102,JW_fcst,Filter
391,102,JW_fcst,UserDefinedAction
392,102,JW_fcst,ExpressionEvaluator
393,102,JW_fcst,Filter
394,102,JW_fcst,Filter
395,102,JW_fcst,UserDefinedAction
396,102,JW_fcst,Filter
397,102,JW_fcst,UserDefinedAction
398,102,JW_fcst,ExpressionEvaluator
399,102,JW_fcst,ExpressionEvaluator
400,102,JW_fcst,ExpressionEvaluator
401,102,JW_fcst,ExpressionEvaluator
402,102,JW_fcst,Filter
403,102,JW_fcst,Filter
404,102,JW_fcst,UserDefinedAction
405,102,JW_fcst,ExpressionEvaluator
406,102,JW_fcst,UnionAll
407,102,JW_fcst,SelectValues
408,102,JW_fcst,ExpressionEvaluator
409,102,JW_fcst,ExpressionEvaluator
410,102,JW_fcst,ExpressionEvaluator
411,102,JW_fcst,ExpressionEvaluator
412,102,JW_fcst,Filter
413,102,JW_fcst,UserDefinedAction
414,102,JW_fcst,ExpressionEvaluator
415,102,JW_fcst,UnionAll
416,102,JW_fcst,ExpressionEvaluator
417,102,JW_fcst,UnionAll
418,102,JW_fcst,SelectValues
419,102,JW_fcst,Filter
420,102,JW_fcst,MergeJoin
421,102,JW_fcst,WindowAction
422,102,JW_fcst,ExpressionEvaluator
423,102,JW_fcst,UnionAll
424,102,JW_fcst,PublishToVault
425,102,JW_fcst,GroupBy
426,102,JW_fcst,ExpressionEvaluator
427,102,JW_fcst,SelectValues
428,102,JW_fcst,Filter
429,102,JW_fcst,UserDefinedAction
430,102,JW_fcst,SelectValues
431,102,JW_fcst,Filter
432,102,JW_fcst,MergeJoin
433,102,JW_fcst,ExpressionEvaluator
434,102,JW_fcst,Metadata
435,102,JW_fcst,UnionAll
436,102,JW_fcst,PublishToVault
437,77,Governance_Dynamic Governance_DEV,LoadFromVault
438,77,Governance_Dynamic Governance_DEV,LoadFromVault
439,77,Governance_Dynamic Governance_DEV,SelectValues
440,77,Governance_Dynamic Governance_DEV,LoadFromVault
441,77,Governance_Dynamic Governance_DEV,SelectValues
442,77,Governance_Dynamic Governance_DEV,MergeJoin
443,77,Governance_Dynamic Governance_DEV,MergeJoin
444,77,Governance_Dynamic Governance_DEV,LoadFromVault
445,77,Governance_Dynamic Governance_DEV,SelectValues
446,77,Governance_Dynamic Governance_DEV,MergeJoin
447,77,Governance_Dynamic Governance_DEV,LoadFromVault
448,77,Governance_Dynamic Governance_DEV,SelectValues
449,77,Governance_Dynamic Governance_DEV,MergeJoin
450,77,Governance_Dynamic Governance_DEV,PublishToVault
451,308,New ETL Transform,LoadFromVault
452,308,New ETL Transform,ExpressionEvaluator
453,308,New ETL Transform,WindowAction
454,308,New ETL Transform,Unique
455,308,New ETL Transform,GroupBy
456,308,New ETL Transform,PublishToVault
457,188,Dates with Random Numbers Append Timestamp,LoadFromVault
458,188,Dates with Random Numbers Append Timestamp,ExpressionEvaluator
459,188,Dates with Random Numbers Append Timestamp,PublishToVault
460,20,Super Simple Sample Set_with Manual Updates,LoadFromVault
461,20,Super Simple Sample Set_with Manual Updates,LoadFromVault
462,20,Super Simple Sample Set_with Manual Updates,GroupBy
463,20,Super Simple Sample Set_with Manual Updates,GroupBy
464,20,Super Simple Sample Set_with Manual Updates,MergeJoin
465,20,Super Simple Sample Set_with Manual Updates,Filter
466,20,Super Simple Sample Set_with Manual Updates,MergeJoin
467,20,Super Simple Sample Set_with Manual Updates,Filter
468,20,Super Simple Sample Set_with Manual Updates,MergeJoin
469,20,Super Simple Sample Set_with Manual Updates,UnionAll
470,20,Super Simple Sample Set_with Manual Updates,PublishToVault
471,27,JW_Simple Sample Set_Rolling Averages,LoadFromVault
472,27,JW_Simple Sample Set_Rolling Averages,ExpressionEvaluator
473,27,JW_Simple Sample Set_Rolling Averages,LoadFromVault
474,27,JW_Simple Sample Set_Rolling Averages,MergeJoin
475,27,JW_Simple Sample Set_Rolling Averages,ExpressionEvaluator
476,27,JW_Simple Sample Set_Rolling Averages,PublishToVault
477,27,JW_Simple Sample Set_Rolling Averages,SelectValues
478,27,JW_Simple Sample Set_Rolling Averages,Filter
479,27,JW_Simple Sample Set_Rolling Averages,WindowAction
480,48,DW Calendar Demo,LoadFromVault
481,48,DW Calendar Demo,LoadFromVault
482,48,DW Calendar Demo,Filter
483,48,DW Calendar Demo,ExpressionEvaluator
484,48,DW Calendar Demo,MergeJoin
485,48,DW Calendar Demo,ExpressionEvaluator
486,48,DW Calendar Demo,Filter
487,48,DW Calendar Demo,UnionAll
488,48,DW Calendar Demo,Metadata
489,48,DW Calendar Demo,PublishToVault
490,48,DW Calendar Demo,LoadFromVault
491,48,DW Calendar Demo,ExpressionEvaluator
492,48,DW Calendar Demo,MergeJoin
493,48,DW Calendar Demo,ExpressionEvaluator
494,48,DW Calendar Demo,PublishToVault
495,58,New ETL Transform,LoadFromVault
496,58,New ETL Transform,SelectValues
497,58,New ETL Transform,Filter
498,58,New ETL Transform,SelectValues
499,58,New ETL Transform,SelectValues
500,58,New ETL Transform,SelectValues
501,58,New ETL Transform,UnionAll
502,58,New ETL Transform,WindowAction
503,58,New ETL Transform,PublishToVault
504,62,gov_datasets_INT,LoadFromVault
505,62,gov_datasets_INT,ExpressionEvaluator
506,62,gov_datasets_INT,PublishToVault
507,95,dojoChapman,LoadFromVault
508,95,dojoChapman,LoadFromVault
509,95,dojoChapman,ExpressionEvaluator
510,95,dojoChapman,Metadata
511,95,dojoChapman,SelectValues
512,95,dojoChapman,SelectValues
513,95,dojoChapman,MergeJoin
514,95,dojoChapman,ExpressionEvaluator
515,95,dojoChapman,SelectValues
516,95,dojoChapman,MergeJoin
517,95,dojoChapman,WindowAction
518,95,dojoChapman,ExpressionEvaluator
519,95,dojoChapman,PublishToVault
520,101,jw_address_ranked,LoadFromVault
521,101,jw_address_ranked,WindowAction
522,101,jw_address_ranked,PublishToVault
523,125,old school recursive_without partition,LoadFromVault
524,125,old school recursive_without partition,Filter
525,125,old school recursive_without partition,LoadFromVault
526,125,old school recursive_without partition,UnionAll
527,125,old school recursive_without partition,PublishToVault
528,28,Contribution Effort - user052846,LoadFromVault
529,28,Contribution Effort - user052846,WindowAction
530,28,Contribution Effort - user052846,WindowAction
531,28,Contribution Effort - user052846,Constant
532,28,Contribution Effort - user052846,Constant
533,28,Contribution Effort - user052846,GroupBy
534,28,Contribution Effort - user052846,GroupBy
535,28,Contribution Effort - user052846,MergeJoin
536,28,Contribution Effort - user052846,NumericCalculator
537,28,Contribution Effort - user052846,MergeJoin
538,28,Contribution Effort - user052846,NumericCalculator
539,28,Contribution Effort - user052846,MergeJoin
540,28,Contribution Effort - user052846,PublishToVault
541,132,BeastModesGovernance_02_ChangeReport,LoadFromVault
542,132,BeastModesGovernance_02_ChangeReport,WindowAction
543,132,BeastModesGovernance_02_ChangeReport,SelectValues
544,132,BeastModesGovernance_02_ChangeReport,ExpressionEvaluator
545,132,BeastModesGovernance_02_ChangeReport,PublishToVault
546,161,New ETL Transform,LoadFromVault
547,161,New ETL Transform,MLInferenceAction
548,161,New ETL Transform,PublishToVault
549,11,MetaData_Stage 3_Cards and Pages,LoadFromVault
550,11,MetaData_Stage 3_Cards and Pages,LoadFromVault
551,11,MetaData_Stage 3_Cards and Pages,Metadata
552,11,MetaData_Stage 3_Cards and Pages,SelectValues
553,11,MetaData_Stage 3_Cards and Pages,MergeJoin
554,11,MetaData_Stage 3_Cards and Pages,LoadFromVault
555,11,MetaData_Stage 3_Cards and Pages,LoadFromVault
556,11,MetaData_Stage 3_Cards and Pages,SelectValues
557,11,MetaData_Stage 3_Cards and Pages,GroupBy
558,11,MetaData_Stage 3_Cards and Pages,GroupBy
559,11,MetaData_Stage 3_Cards and Pages,PublishToVault
560,11,MetaData_Stage 3_Cards and Pages,PublishToVault
561,11,MetaData_Stage 3_Cards and Pages,PublishToVault
562,107,BVK | User Group Meetings,LoadFromVault
563,107,BVK | User Group Meetings,Filter
564,107,BVK | User Group Meetings,PublishToVault
565,22,MetaData | Stage 1 | People-Project-Buzz-PDP,LoadFromVault
566,22,MetaData | Stage 1 | People-Project-Buzz-PDP,LoadFromVault
567,22,MetaData | Stage 1 | People-Project-Buzz-PDP,LoadFromVault
568,22,MetaData | Stage 1 | People-Project-Buzz-PDP,LoadFromVault
569,22,MetaData | Stage 1 | People-Project-Buzz-PDP,LoadFromVault
570,22,MetaData | Stage 1 | People-Project-Buzz-PDP,LoadFromVault
571,22,MetaData | Stage 1 | People-Project-Buzz-PDP,Constant
572,22,MetaData | Stage 1 | People-Project-Buzz-PDP,Constant
573,22,MetaData | Stage 1 | People-Project-Buzz-PDP,ConcatFields
574,22,MetaData | Stage 1 | People-Project-Buzz-PDP,GroupBy
575,22,MetaData | Stage 1 | People-Project-Buzz-PDP,SelectValues
576,22,MetaData | Stage 1 | People-Project-Buzz-PDP,MergeJoin
577,22,MetaData | Stage 1 | People-Project-Buzz-PDP,Filter
578,22,MetaData | Stage 1 | People-Project-Buzz-PDP,Filter
579,22,MetaData | Stage 1 | People-Project-Buzz-PDP,SetValueField
580,22,MetaData | Stage 1 | People-Project-Buzz-PDP,ValueMapper
581,22,MetaData | Stage 1 | People-Project-Buzz-PDP,UnionAll
582,22,MetaData | Stage 1 | People-Project-Buzz-PDP,SplitColumnAction
583,22,MetaData | Stage 1 | People-Project-Buzz-PDP,DateCalculator
584,22,MetaData | Stage 1 | People-Project-Buzz-PDP,ReplaceString
585,22,MetaData | Stage 1 | People-Project-Buzz-PDP,ValueMapper
586,22,MetaData | Stage 1 | People-Project-Buzz-PDP,SelectValues
587,22,MetaData | Stage 1 | People-Project-Buzz-PDP,Constant
588,22,MetaData | Stage 1 | People-Project-Buzz-PDP,PublishToVault
589,22,MetaData | Stage 1 | People-Project-Buzz-PDP,Constant
590,22,MetaData | Stage 1 | People-Project-Buzz-PDP,PublishToVault
591,22,MetaData | Stage 1 | People-Project-Buzz-PDP,Constant
592,22,MetaData | Stage 1 | People-Project-Buzz-PDP,PublishToVault
593,22,MetaData | Stage 1 | People-Project-Buzz-PDP,Constant
594,22,MetaData | Stage 1 | People-Project-Buzz-PDP,PublishToVault
595,22,MetaData | Stage 1 | People-Project-Buzz-PDP,LoadFromVault
596,22,MetaData | Stage 1 | People-Project-Buzz-PDP,LoadFromVault
597,22,MetaData | Stage 1 | People-Project-Buzz-PDP,Constant
598,22,MetaData | Stage 1 | People-Project-Buzz-PDP,SetValueField
599,22,MetaData | Stage 1 | People-Project-Buzz-PDP,Metadata
600,22,MetaData | Stage 1 | People-Project-Buzz-PDP,DateCalculator
601,22,MetaData | Stage 1 | People-Project-Buzz-PDP,SelectValues
602,22,MetaData | Stage 1 | People-Project-Buzz-PDP,SelectValues
603,22,MetaData | Stage 1 | People-Project-Buzz-PDP,MergeJoin
604,22,MetaData | Stage 1 | People-Project-Buzz-PDP,SelectValues
605,22,MetaData | Stage 1 | People-Project-Buzz-PDP,MergeJoin
606,22,MetaData | Stage 1 | People-Project-Buzz-PDP,Constant
607,22,MetaData | Stage 1 | People-Project-Buzz-PDP,Constant
608,22,MetaData | Stage 1 | People-Project-Buzz-PDP,Constant
609,22,MetaData | Stage 1 | People-Project-Buzz-PDP,PublishToVault
610,22,MetaData | Stage 1 | People-Project-Buzz-PDP,PublishToVault
611,22,MetaData | Stage 1 | People-Project-Buzz-PDP,PublishToVault
612,186,Ranked Page Views by User Access,LoadFromVault
613,186,Ranked Page Views by User Access,GroupBy
614,186,Ranked Page Views by User Access,LoadFromVault
615,186,Ranked Page Views by User Access,Filter
616,186,Ranked Page Views by User Access,SelectValues
617,186,Ranked Page Views by User Access,Constant
618,186,Ranked Page Views by User Access,LoadFromVault
619,186,Ranked Page Views by User Access,SelectValues
620,186,Ranked Page Views by User Access,Filter
621,186,Ranked Page Views by User Access,SelectValues
622,186,Ranked Page Views by User Access,MergeJoin
623,186,Ranked Page Views by User Access,SelectValues
624,186,Ranked Page Views by User Access,UnionAll
625,186,Ranked Page Views by User Access,Unique
626,186,Ranked Page Views by User Access,MergeJoin
627,186,Ranked Page Views by User Access,WindowAction
628,186,Ranked Page Views by User Access,LoadFromVault
629,186,Ranked Page Views by User Access,SelectValues
630,186,Ranked Page Views by User Access,MergeJoin
631,186,Ranked Page Views by User Access,PublishToVault
632,39,Sim Data ML Inference,LoadFromVault
633,39,Sim Data ML Inference,MLInferenceAction
634,39,Sim Data ML Inference,PublishToVault
635,63,major domo recert_CombindedSalesData_ST,LoadFromVault
636,63,major domo recert_CombindedSalesData_ST,LoadFromVault
637,63,major domo recert_CombindedSalesData_ST,LoadFromVault
638,63,major domo recert_CombindedSalesData_ST,SelectValues
639,63,major domo recert_CombindedSalesData_ST,SelectValues
640,63,major domo recert_CombindedSalesData_ST,SelectValues
641,63,major domo recert_CombindedSalesData_ST,UnionAll
642,63,major domo recert_CombindedSalesData_ST,PublishToVault
643,65,major domo recert_DomainVisits_ST,LoadFromVault
644,65,major domo recert_DomainVisits_ST,Constant
645,65,major domo recert_DomainVisits_ST,SetValueField
646,65,major domo recert_DomainVisits_ST,ReplaceString
647,65,major domo recert_DomainVisits_ST,PublishToVault
648,67,jbroby - stacked,LoadFromVault
649,67,jbroby - stacked,LoadFromVault
650,67,jbroby - stacked,SelectValues
651,67,jbroby - stacked,Normalizer
652,67,jbroby - stacked,Normalizer
653,67,jbroby - stacked,ConcatFields
654,67,jbroby - stacked,SelectValues
655,67,jbroby - stacked,UnionAll
656,67,jbroby - stacked,PublishToVault
657,18,DOMO Covid Additional Metrics Data - Period over Period,LoadFromVault
658,18,DOMO Covid Additional Metrics Data - Period over Period,LoadFromVault
659,18,DOMO Covid Additional Metrics Data - Period over Period,MergeJoin
660,18,DOMO Covid Additional Metrics Data - Period over Period,PublishToVault
661,79,CTBH running 30,LoadFromVault
662,79,CTBH running 30,SelectValues
663,79,CTBH running 30,WindowAction
664,79,CTBH running 30,DateCalculator
665,79,CTBH running 30,ExpressionEvaluator
666,79,CTBH running 30,WindowAction
667,79,CTBH running 30,ExpressionEvaluator
668,79,CTBH running 30,WindowAction
669,79,CTBH running 30,ExpressionEvaluator
670,79,CTBH running 30,WindowAction
671,79,CTBH running 30,SelectValues
672,79,CTBH running 30,PublishToVault
673,45,AJ | Aggregated Sales ETL,LoadFromVault
674,45,AJ | Aggregated Sales ETL,DateCalculator
675,45,AJ | Aggregated Sales ETL,GroupBy
676,45,AJ | Aggregated Sales ETL,Metadata
677,45,AJ | Aggregated Sales ETL,LoadFromVault
678,45,AJ | Aggregated Sales ETL,UnionAll
679,45,AJ | Aggregated Sales ETL,PublishToVault
680,45,AJ | Aggregated Sales ETL,PublishToVault
681,82,New ETL Transform,LoadFromVault
682,82,New ETL Transform,GroupBy
683,82,New ETL Transform,WindowAction
684,82,New ETL Transform,ExpressionEvaluator
685,82,New ETL Transform,MergeJoin
686,82,New ETL Transform,ExpressionEvaluator
687,82,New ETL Transform,Metadata
688,82,New ETL Transform,PublishToVault
689,92,[Alerts Demo June 22] Pipeline Validation,LoadFromVault
690,92,[Alerts Demo June 22] Pipeline Validation,LoadFromVault
691,92,[Alerts Demo June 22] Pipeline Validation,ExpressionEvaluator
692,92,[Alerts Demo June 22] Pipeline Validation,ExpressionEvaluator
693,92,[Alerts Demo June 22] Pipeline Validation,GroupBy
694,92,[Alerts Demo June 22] Pipeline Validation,GroupBy
695,92,[Alerts Demo June 22] Pipeline Validation,SelectValues
696,92,[Alerts Demo June 22] Pipeline Validation,MergeJoin
697,92,[Alerts Demo June 22] Pipeline Validation,ExpressionEvaluator
698,92,[Alerts Demo June 22] Pipeline Validation,Filter
699,92,[Alerts Demo June 22] Pipeline Validation,Constant
700,92,[Alerts Demo June 22] Pipeline Validation,PublishToVault
701,92,[Alerts Demo June 22] Pipeline Validation,Metadata
702,92,[Alerts Demo June 22] Pipeline Validation,SelectValues
703,92,[Alerts Demo June 22] Pipeline Validation,LoadFromVault
704,92,[Alerts Demo June 22] Pipeline Validation,Filter
705,92,[Alerts Demo June 22] Pipeline Validation,MergeJoin
706,92,[Alerts Demo June 22] Pipeline Validation,Filter
707,92,[Alerts Demo June 22] Pipeline Validation,SelectValues
708,92,[Alerts Demo June 22] Pipeline Validation,MergeJoin
709,92,[Alerts Demo June 22] Pipeline Validation,ExpressionEvaluator
710,92,[Alerts Demo June 22] Pipeline Validation,SelectValues
711,92,[Alerts Demo June 22] Pipeline Validation,Filter
712,92,[Alerts Demo June 22] Pipeline Validation,SelectValues
713,92,[Alerts Demo June 22] Pipeline Validation,UnionAll
714,92,[Alerts Demo June 22] Pipeline Validation,PublishToVault
715,98,Dojo Goodeman ETL,LoadFromVault
716,98,Dojo Goodeman ETL,WindowAction
717,98,Dojo Goodeman ETL,ExpressionEvaluator
718,98,Dojo Goodeman ETL,PublishToVault
719,106,Visual Vocabulary | Pris Lam | Survey ETL,LoadFromVault
720,106,Visual Vocabulary | Pris Lam | Survey ETL,GroupBy
721,106,Visual Vocabulary | Pris Lam | Survey ETL,MergeJoin
722,106,Visual Vocabulary | Pris Lam | Survey ETL,ExpressionEvaluator
723,106,Visual Vocabulary | Pris Lam | Survey ETL,PublishToVault
724,103,Sales  by Store - ETL | Aditya Jain | TBD,LoadFromVault
725,103,Sales  by Store - ETL | Aditya Jain | TBD,LoadFromVault
726,103,Sales  by Store - ETL | Aditya Jain | TBD,Metadata
727,103,Sales  by Store - ETL | Aditya Jain | TBD,Metadata
728,103,Sales  by Store - ETL | Aditya Jain | TBD,MergeJoin
729,103,Sales  by Store - ETL | Aditya Jain | TBD,SelectValues
730,103,Sales  by Store - ETL | Aditya Jain | TBD,ExpressionEvaluator
731,103,Sales  by Store - ETL | Aditya Jain | TBD,Filter
732,103,Sales  by Store - ETL | Aditya Jain | TBD,PublishToVault
733,103,Sales  by Store - ETL | Aditya Jain | TBD,PublishToVault
734,113,Traditional Recursive Dataflow (SLOW),LoadFromVault
735,113,Traditional Recursive Dataflow (SLOW),LoadFromVault
736,113,Traditional Recursive Dataflow (SLOW),UnionAll
737,113,Traditional Recursive Dataflow (SLOW),Constant
738,113,Traditional Recursive Dataflow (SLOW),PublishToVault
739,59,all rows - card builder sample,LoadFromVault
740,59,all rows - card builder sample,Constant
741,59,all rows - card builder sample,PublishToVault
742,115,Test,LoadFromVault
743,115,Test,PublishToVault
744,136,Super Simple Sample_Inventory Log ETL,LoadFromVault
745,136,Super Simple Sample_Inventory Log ETL,LoadFromVault
746,136,Super Simple Sample_Inventory Log ETL,GroupBy
747,136,Super Simple Sample_Inventory Log ETL,GroupBy
748,136,Super Simple Sample_Inventory Log ETL,MergeJoin
749,136,Super Simple Sample_Inventory Log ETL,PublishToVault
750,164,TST-partition_simple,LoadFromVault
751,164,TST-partition_simple,PublishToVault
752,162,New ETL Transform,LoadFromVault
753,162,New ETL Transform,GroupBy
754,162,New ETL Transform,UserDefinedAction
755,162,New ETL Transform,PublishToVault
756,162,New ETL Transform,GroupBy
757,162,New ETL Transform,ExpressionEvaluator
758,162,New ETL Transform,Filter
759,162,New ETL Transform,UserDefinedAction
760,162,New ETL Transform,Filter
761,162,New ETL Transform,SelectValues
762,162,New ETL Transform,MergeJoin
763,162,New ETL Transform,ExpressionEvaluator
764,162,New ETL Transform,Metadata
765,162,New ETL Transform,PublishToVault
766,162,New ETL Transform,GroupBy
767,162,New ETL Transform,UserDefinedAction
768,162,New ETL Transform,PublishToVault
769,162,New ETL Transform,GroupBy
770,162,New ETL Transform,ExpressionEvaluator
771,162,New ETL Transform,Filter
772,162,New ETL Transform,UserDefinedAction
773,162,New ETL Transform,Filter
774,162,New ETL Transform,SelectValues
775,162,New ETL Transform,MergeJoin
776,162,New ETL Transform,ExpressionEvaluator
777,162,New ETL Transform,Metadata
778,162,New ETL Transform,PublishToVault
779,162,New ETL Transform,GroupBy
780,162,New ETL Transform,ExpressionEvaluator
781,162,New ETL Transform,Filter
782,162,New ETL Transform,UserDefinedAction
783,162,New ETL Transform,Filter
784,162,New ETL Transform,SelectValues
785,162,New ETL Transform,MergeJoin
786,162,New ETL Transform,ExpressionEvaluator
787,162,New ETL Transform,Metadata
788,162,New ETL Transform,PublishToVault
789,162,New ETL Transform,GroupBy
790,162,New ETL Transform,ExpressionEvaluator
791,162,New ETL Transform,UserDefinedAction
792,162,New ETL Transform,PublishToVault
793,191,Estimated Shipping Costs - CLEAN,LoadFromVault
794,191,Estimated Shipping Costs - CLEAN,ExpressionEvaluator
795,191,Estimated Shipping Costs - CLEAN,Metadata
796,191,Estimated Shipping Costs - CLEAN,PublishToVault
797,266,Magic_Orders,LoadFromVault
798,266,Magic_Orders,LoadFromVault
799,266,Magic_Orders,LoadFromVault
800,266,Magic_Orders,SelectValues
801,266,Magic_Orders,SelectValues
802,266,Magic_Orders,SelectValues
803,266,Magic_Orders,UnionAll
804,266,Magic_Orders,PublishToVault
805,269,New ETL Transform,LoadFromVault
806,269,New ETL Transform,LoadFromVault
807,269,New ETL Transform,LoadFromVault
808,269,New ETL Transform,SelectValues
809,269,New ETL Transform,SelectValues
810,269,New ETL Transform,SelectValues
811,269,New ETL Transform,UnionAll
812,269,New ETL Transform,PublishToVault
813,270,Forecast Sales CC,LoadFromVault
814,270,Forecast Sales CC,Normalizer
815,270,Forecast Sales CC,DateCalculator
816,270,Forecast Sales CC,Constant
817,270,Forecast Sales CC,ConcatFields
818,270,Forecast Sales CC,ValueMapper
819,270,Forecast Sales CC,LoadFromVault
820,270,Forecast Sales CC,LoadFromVault
821,270,Forecast Sales CC,LoadFromVault
822,270,Forecast Sales CC,UnionAll
823,270,Forecast Sales CC,DateCalculator
824,270,Forecast Sales CC,Constant
825,270,Forecast Sales CC,ConcatFields
826,270,Forecast Sales CC,ValueMapper
827,270,Forecast Sales CC,Filter
828,270,Forecast Sales CC,GroupBy
829,270,Forecast Sales CC,MergeJoin
830,270,Forecast Sales CC,SelectValues
831,270,Forecast Sales CC,PublishToVault
832,284,Forecast Sales All Time CC,LoadFromVault
833,284,Forecast Sales All Time CC,SelectValues
834,284,Forecast Sales All Time CC,Unique
835,284,Forecast Sales All Time CC,LoadFromVault
836,284,Forecast Sales All Time CC,MergeJoin
837,284,Forecast Sales All Time CC,Filter
838,284,Forecast Sales All Time CC,SelectValues
839,284,Forecast Sales All Time CC,UnionAll
840,284,Forecast Sales All Time CC,PublishToVault
841,313,BAC| Test ETL Vocation ML,LoadFromVault
842,313,BAC| Test ETL Vocation ML,MLInferenceAction
843,313,BAC| Test ETL Vocation ML,PublishToVault
844,324,Forecast Sales All Time - HV,LoadFromVault
845,324,Forecast Sales All Time - HV,LoadFromVault
846,324,Forecast Sales All Time - HV,SelectValues
847,324,Forecast Sales All Time - HV,Unique
848,324,Forecast Sales All Time - HV,MergeJoin
849,324,Forecast Sales All Time - HV,Filter
850,324,Forecast Sales All Time - HV,SelectValues
851,324,Forecast Sales All Time - HV,UnionAll
852,324,Forecast Sales All Time - HV,PublishToVault
853,287,BAC | ETL NPO Regions with US State Population,LoadFromVault
854,287,BAC | ETL NPO Regions with US State Population,LoadFromVault
855,287,BAC | ETL NPO Regions with US State Population,SelectValues
856,287,BAC | ETL NPO Regions with US State Population,Unique
857,287,BAC | ETL NPO Regions with US State Population,Metadata
858,287,BAC | ETL NPO Regions with US State Population,MergeJoin
859,287,BAC | ETL NPO Regions with US State Population,PublishToVault
860,192,DCO | Outdoor Retail Order Actuals with Calculated Shipping Costs,LoadFromVault
861,192,DCO | Outdoor Retail Order Actuals with Calculated Shipping Costs,LoadFromVault
862,192,DCO | Outdoor Retail Order Actuals with Calculated Shipping Costs,ExpressionEvaluator
863,192,DCO | Outdoor Retail Order Actuals with Calculated Shipping Costs,SelectValues
864,192,DCO | Outdoor Retail Order Actuals with Calculated Shipping Costs,Denormaliser
865,192,DCO | Outdoor Retail Order Actuals with Calculated Shipping Costs,MergeJoin
866,192,DCO | Outdoor Retail Order Actuals with Calculated Shipping Costs,ExpressionEvaluator
867,192,DCO | Outdoor Retail Order Actuals with Calculated Shipping Costs,PublishToVault
868,192,DCO | Outdoor Retail Order Actuals with Calculated Shipping Costs,SelectValues
869,192,DCO | Outdoor Retail Order Actuals with Calculated Shipping Costs,GroupBy
870,192,DCO | Outdoor Retail Order Actuals with Calculated Shipping Costs,SelectValues
871,192,DCO | Outdoor Retail Order Actuals with Calculated Shipping Costs,PublishToVault
872,292,HV Outdoor Retail Order Forecast + Actuals,LoadFromVault
873,292,HV Outdoor Retail Order Forecast + Actuals,LoadFromVault
874,292,HV Outdoor Retail Order Forecast + Actuals,Metadata
875,292,HV Outdoor Retail Order Forecast + Actuals,UnionAll
876,292,HV Outdoor Retail Order Forecast + Actuals,PublishToVault
877,299,BLM NPO Combined Dataset,LoadFromVault
878,299,BLM NPO Combined Dataset,LoadFromVault
879,299,BLM NPO Combined Dataset,SelectValues
880,299,BLM NPO Combined Dataset,SelectValues
881,299,BLM NPO Combined Dataset,UnionAll
882,299,BLM NPO Combined Dataset,PublishToVault
883,332,LM NPO Forecast + Actuals,LoadFromVault
884,332,LM NPO Forecast + Actuals,LoadFromVault
885,332,LM NPO Forecast + Actuals,Metadata
886,332,LM NPO Forecast + Actuals,UnionAll
887,332,LM NPO Forecast + Actuals,PublishToVault
888,318,VT NPO - Outdoor Retail Forecast + Actuals,LoadFromVault
889,318,VT NPO - Outdoor Retail Forecast + Actuals,LoadFromVault
890,318,VT NPO - Outdoor Retail Forecast + Actuals,Metadata
891,318,VT NPO - Outdoor Retail Forecast + Actuals,UnionAll
892,318,VT NPO - Outdoor Retail Forecast + Actuals,PublishToVault
893,333,AB | NPO Forecast + Actuals,LoadFromVault
894,333,AB | NPO Forecast + Actuals,LoadFromVault
895,333,AB | NPO Forecast + Actuals,Metadata
896,333,AB | NPO Forecast + Actuals,UnionAll
897,333,AB | NPO Forecast + Actuals,PublishToVault
898,276,New ETL Transform,LoadFromVault
899,276,New ETL Transform,LoadFromVault
900,276,New ETL Transform,SelectValues
901,276,New ETL Transform,SelectValues
902,276,New ETL Transform,UnionAll
903,276,New ETL Transform,PublishToVault
904,330,CC Combined Data Flow,LoadFromVault
905,330,CC Combined Data Flow,LoadFromVault
906,330,CC Combined Data Flow,Metadata
907,330,CC Combined Data Flow,UnionAll
908,330,CC Combined Data Flow,PublishToVault
909,282,New ETL Transform,LoadFromVault
910,282,New ETL Transform,LoadFromVault
911,282,New ETL Transform,SelectValues
912,282,New ETL Transform,SelectValues
913,282,New ETL Transform,UnionAll
914,282,New ETL Transform,PublishToVault
915,320,MBL - NPO - Outdoor Retail Forecast + Actuals,LoadFromVault
916,320,MBL - NPO - Outdoor Retail Forecast + Actuals,LoadFromVault
917,320,MBL - NPO - Outdoor Retail Forecast + Actuals,Metadata
918,320,MBL - NPO - Outdoor Retail Forecast + Actuals,UnionAll
919,320,MBL - NPO - Outdoor Retail Forecast + Actuals,PublishToVault
920,297,CY | NPO '23 | Combined Dataset,LoadFromVault
921,297,CY | NPO '23 | Combined Dataset,LoadFromVault
922,297,CY | NPO '23 | Combined Dataset,SelectValues
923,297,CY | NPO '23 | Combined Dataset,SelectValues
924,297,CY | NPO '23 | Combined Dataset,UnionAll
925,297,CY | NPO '23 | Combined Dataset,PublishToVault
926,331,BO_Combined_Dataflow,LoadFromVault
927,331,BO_Combined_Dataflow,LoadFromVault
928,331,BO_Combined_Dataflow,Metadata
929,331,BO_Combined_Dataflow,UnionAll
930,331,BO_Combined_Dataflow,PublishToVault
931,273,New ETL Transform,LoadFromVault
932,273,New ETL Transform,LoadFromVault
933,273,New ETL Transform,SelectValues
934,273,New ETL Transform,SelectValues
935,273,New ETL Transform,UnionAll
936,273,New ETL Transform,PublishToVault
937,265,TW NPO | Outdoor Retail Forecast + Actuals,LoadFromVault
938,265,TW NPO | Outdoor Retail Forecast + Actuals,LoadFromVault
939,265,TW NPO | Outdoor Retail Forecast + Actuals,SelectValues
940,265,TW NPO | Outdoor Retail Forecast + Actuals,SelectValues
941,265,TW NPO | Outdoor Retail Forecast + Actuals,UnionAll
942,265,TW NPO | Outdoor Retail Forecast + Actuals,PublishToVault
943,290,Outdoor Retail Orders Forecast + Actuals,LoadFromVault
944,290,Outdoor Retail Orders Forecast + Actuals,LoadFromVault
945,290,Outdoor Retail Orders Forecast + Actuals,Metadata
946,290,Outdoor Retail Orders Forecast + Actuals,UnionAll
947,290,Outdoor Retail Orders Forecast + Actuals,PublishToVault
948,336,JT| NPO forecast + actuals,LoadFromVault
949,336,JT| NPO forecast + actuals,LoadFromVault
950,336,JT| NPO forecast + actuals,Metadata
951,336,JT| NPO forecast + actuals,UnionAll
952,336,JT| NPO forecast + actuals,PublishToVault
953,325,NC New ETL Transform 11/9/23,LoadFromVault
954,325,NC New ETL Transform 11/9/23,LoadFromVault
955,325,NC New ETL Transform 11/9/23,Metadata
956,325,NC New ETL Transform 11/9/23,UnionAll
957,325,NC New ETL Transform 11/9/23,PublishToVault
958,335,KJ - Combined Datasets,LoadFromVault
959,335,KJ - Combined Datasets,LoadFromVault
960,335,KJ - Combined Datasets,Metadata
961,335,KJ - Combined Datasets,UnionAll
962,335,KJ - Combined Datasets,PublishToVault
963,334,BK | NPO Forecast + Actuals,LoadFromVault
964,334,BK | NPO Forecast + Actuals,LoadFromVault
965,334,BK | NPO Forecast + Actuals,Metadata
966,334,BK | NPO Forecast + Actuals,UnionAll
967,334,BK | NPO Forecast + Actuals,PublishToVault
968,334,BK | NPO Forecast + Actuals,GroupBy
969,334,BK | NPO Forecast + Actuals,PublishToVault
970,294,HV 2 |NPO | Outdoor Retail Forecast v/s Actuals,LoadFromVault
971,294,HV 2 |NPO | Outdoor Retail Forecast v/s Actuals,LoadFromVault
972,294,HV 2 |NPO | Outdoor Retail Forecast v/s Actuals,Metadata
973,294,HV 2 |NPO | Outdoor Retail Forecast v/s Actuals,UnionAll
974,294,HV 2 |NPO | Outdoor Retail Forecast v/s Actuals,PublishToVault
975,221,ST |DCO | Forecast and Sales,LoadFromVault
976,221,ST |DCO | Forecast and Sales,LoadFromVault
977,221,ST |DCO | Forecast and Sales,Metadata
978,221,ST |DCO | Forecast and Sales,UnionAll
979,221,ST |DCO | Forecast and Sales,ExpressionEvaluator
980,221,ST |DCO | Forecast and Sales,PublishToVault
981,221,ST |DCO | Forecast and Sales,GroupBy
982,221,ST |DCO | Forecast and Sales,ExpressionEvaluator
983,221,ST |DCO | Forecast and Sales,Metadata
984,221,ST |DCO | Forecast and Sales,LoadFromVault
985,221,ST |DCO | Forecast and Sales,SelectValues
986,221,ST |DCO | Forecast and Sales,Denormaliser
987,221,ST |DCO | Forecast and Sales,MergeJoin
988,221,ST |DCO | Forecast and Sales,SelectValues
989,221,ST |DCO | Forecast and Sales,PublishToVault
990,221,ST |DCO | Forecast and Sales,LoadFromVault
991,221,ST |DCO | Forecast and Sales,Filter
992,221,ST |DCO | Forecast and Sales,SelectValues
993,221,ST |DCO | Forecast and Sales,Metadata
994,221,ST |DCO | Forecast and Sales,Constant
995,221,ST |DCO | Forecast and Sales,Constant
996,221,ST |DCO | Forecast and Sales,GroupBy
997,221,ST |DCO | Forecast and Sales,MergeJoin
998,221,ST |DCO | Forecast and Sales,GroupBy
999,221,ST |DCO | Forecast and Sales,MergeJoin
1000,221,ST |DCO | Forecast and Sales,ExpressionEvaluator
1001,221,ST |DCO | Forecast and Sales,WindowAction
1002,221,ST |DCO | Forecast and Sales,PublishToVault
1003,74,sample_invoices_daily,LoadFromVault
1004,74,sample_invoices_daily,ExpressionEvaluator
1005,74,sample_invoices_daily,GroupBy
1006,74,sample_invoices_daily,Filter
1007,74,sample_invoices_daily,PublishToVault
1008,289,Sales and Goals Example - Regions Generation,LoadFromVault
1009,289,Sales and Goals Example - Regions Generation,ExpressionEvaluator
1010,289,Sales and Goals Example - Regions Generation,ExpressionEvaluator
1011,289,Sales and Goals Example - Regions Generation,ExpressionEvaluator
1012,289,Sales and Goals Example - Regions Generation,ExpressionEvaluator
1013,289,Sales and Goals Example - Regions Generation,PublishToVault
1014,289,Sales and Goals Example - Regions Generation,PublishToVault
1015,289,Sales and Goals Example - Regions Generation,PublishToVault
1016,289,Sales and Goals Example - Regions Generation,PublishToVault
1017,25,MetaData | Stage 3 | Pages and Cards,LoadFromVault
1018,25,MetaData | Stage 3 | Pages and Cards,LoadFromVault
1019,25,MetaData | Stage 3 | Pages and Cards,LoadFromVault
1020,25,MetaData | Stage 3 | Pages and Cards,SelectValues
1021,25,MetaData | Stage 3 | Pages and Cards,MergeJoin
1022,25,MetaData | Stage 3 | Pages and Cards,Constant
1023,25,MetaData | Stage 3 | Pages and Cards,Filter
1024,25,MetaData | Stage 3 | Pages and Cards,SelectValues
1025,25,MetaData | Stage 3 | Pages and Cards,SelectValues
1026,25,MetaData | Stage 3 | Pages and Cards,GroupBy
1027,25,MetaData | Stage 3 | Pages and Cards,PublishToVault
1028,25,MetaData | Stage 3 | Pages and Cards,LoadFromVault
1029,25,MetaData | Stage 3 | Pages and Cards,SelectValues
1030,25,MetaData | Stage 3 | Pages and Cards,GroupBy
1031,25,MetaData | Stage 3 | Pages and Cards,LoadFromVault
1032,25,MetaData | Stage 3 | Pages and Cards,SelectValues
1033,25,MetaData | Stage 3 | Pages and Cards,LoadFromVault
1034,25,MetaData | Stage 3 | Pages and Cards,GroupBy
1035,25,MetaData | Stage 3 | Pages and Cards,LoadFromVault
1036,25,MetaData | Stage 3 | Pages and Cards,SelectValues
1037,25,MetaData | Stage 3 | Pages and Cards,MergeJoin
1038,25,MetaData | Stage 3 | Pages and Cards,SelectValues
1039,25,MetaData | Stage 3 | Pages and Cards,MergeJoin
1040,25,MetaData | Stage 3 | Pages and Cards,MergeJoin
1041,25,MetaData | Stage 3 | Pages and Cards,MergeJoin
1042,25,MetaData | Stage 3 | Pages and Cards,ReplaceString
1043,25,MetaData | Stage 3 | Pages and Cards,SelectValues
1044,25,MetaData | Stage 3 | Pages and Cards,Constant
1045,25,MetaData | Stage 3 | Pages and Cards,PublishToVault
1046,25,MetaData | Stage 3 | Pages and Cards,Constant
1047,25,MetaData | Stage 3 | Pages and Cards,Constant
1048,25,MetaData | Stage 3 | Pages and Cards,ConcatFields
1049,25,MetaData | Stage 3 | Pages and Cards,SelectValues
1050,25,MetaData | Stage 3 | Pages and Cards,Constant
1051,25,MetaData | Stage 3 | Pages and Cards,PublishToVault
1052,25,MetaData | Stage 3 | Pages and Cards,LoadFromVault
1053,25,MetaData | Stage 3 | Pages and Cards,LoadFromVault
1054,25,MetaData | Stage 3 | Pages and Cards,Metadata
1055,25,MetaData | Stage 3 | Pages and Cards,SelectValues
1056,25,MetaData | Stage 3 | Pages and Cards,MergeJoin
1057,25,MetaData | Stage 3 | Pages and Cards,Filter
1058,25,MetaData | Stage 3 | Pages and Cards,SetValueField
1059,25,MetaData | Stage 3 | Pages and Cards,Filter
1060,25,MetaData | Stage 3 | Pages and Cards,UnionAll
1061,25,MetaData | Stage 3 | Pages and Cards,MergeJoin
1062,25,MetaData | Stage 3 | Pages and Cards,Constant
1063,25,MetaData | Stage 3 | Pages and Cards,Constant
1064,25,MetaData | Stage 3 | Pages and Cards,ConcatFields
1065,25,MetaData | Stage 3 | Pages and Cards,MergeJoin
1066,25,MetaData | Stage 3 | Pages and Cards,SelectValues
1067,25,MetaData | Stage 3 | Pages and Cards,ReplaceString
1068,25,MetaData | Stage 3 | Pages and Cards,Constant
1069,25,MetaData | Stage 3 | Pages and Cards,PublishToVault
1070,33,Dataflow,LoadFromVault
1071,33,Dataflow,LoadFromVault
1072,33,Dataflow,MergeJoin
1073,33,Dataflow,SelectValues
1074,33,Dataflow,PublishToVault
1075,57,contribution etl - leelo_dallas,LoadFromVault
1076,57,contribution etl - leelo_dallas,Constant
1077,57,contribution etl - leelo_dallas,WindowAction
1078,57,contribution etl - leelo_dallas,GroupBy
1079,57,contribution etl - leelo_dallas,MergeJoin
1080,57,contribution etl - leelo_dallas,ExpressionEvaluator
1081,57,contribution etl - leelo_dallas,SelectValues
1082,57,contribution etl - leelo_dallas,PublishToVault
1083,73,Salesforce Account Writeback - Elliott Leonard,LoadFromVault
1084,73,Salesforce Account Writeback - Elliott Leonard,LoadFromVault
1085,73,Salesforce Account Writeback - Elliott Leonard,LoadFromVault
1086,73,Salesforce Account Writeback - Elliott Leonard,MergeJoin
1087,73,Salesforce Account Writeback - Elliott Leonard,GroupBy
1088,73,Salesforce Account Writeback - Elliott Leonard,GroupBy
1089,73,Salesforce Account Writeback - Elliott Leonard,MergeJoin
1090,73,Salesforce Account Writeback - Elliott Leonard,ExpressionEvaluator
1091,73,Salesforce Account Writeback - Elliott Leonard,SelectValues
1092,73,Salesforce Account Writeback - Elliott Leonard,PublishToVault
1093,73,Salesforce Account Writeback - Elliott Leonard,PublishToWriteback
1094,66,major domo recert_ForecastSalesAllTime,LoadFromVault
1095,66,major domo recert_ForecastSalesAllTime,LoadFromVault
1096,66,major domo recert_ForecastSalesAllTime,MergeJoin
1097,66,major domo recert_ForecastSalesAllTime,Filter
1098,66,major domo recert_ForecastSalesAllTime,UnionAll
1099,66,major domo recert_ForecastSalesAllTime,SelectValues
1100,66,major domo recert_ForecastSalesAllTime,PublishToVault
1101,85,Working Hours Test,LoadFromVault
1102,85,Working Hours Test,Constant
1103,85,Working Hours Test,ExpressionEvaluator
1104,85,Working Hours Test,PublishToVault
1105,93,New ETL Transform,LoadFromVault
1106,93,New ETL Transform,Filter
1107,93,New ETL Transform,SelectValues
1108,93,New ETL Transform,PublishToVault
1109,99,dojo jrtomici etl,LoadFromVault
1110,99,dojo jrtomici etl,ExpressionEvaluator
1111,99,dojo jrtomici etl,WindowAction
1112,99,dojo jrtomici etl,Filter
1113,99,dojo jrtomici etl,SelectValues
1114,99,dojo jrtomici etl,PublishToVault
1115,31,WIP,LoadFromVault
1116,31,WIP,LoadFromVault
1117,31,WIP,LoadFromVault
1118,31,WIP,LoadFromVault
1119,31,WIP,LoadFromVault
1120,31,WIP,LoadFromVault
1121,31,WIP,MergeJoin
1122,31,WIP,MergeJoin
1123,31,WIP,MergeJoin
1124,31,WIP,MergeJoin
1125,31,WIP,MergeJoin
1126,31,WIP,PublishToVault
1127,187,PJG ETL,LoadFromVault
1128,187,PJG ETL,NormalizeAll
1129,187,PJG ETL,ExpressionEvaluator
1130,187,PJG ETL,SelectValues
1131,187,PJG ETL,Denormaliser
1132,187,PJG ETL,ExpressionEvaluator
1133,187,PJG ETL,PublishToVault
1134,288,Stock Ticker ETL,LoadFromVault
1135,288,Stock Ticker ETL,LoadFromVault
1136,288,Stock Ticker ETL,LoadFromVault
1137,288,Stock Ticker ETL,LoadFromVault
1138,288,Stock Ticker ETL,LoadFromVault
1139,288,Stock Ticker ETL,LoadFromVault
1140,288,Stock Ticker ETL,LoadFromVault
1141,288,Stock Ticker ETL,UnionAll
1142,288,Stock Ticker ETL,Constant
1143,288,Stock Ticker ETL,WindowAction
1144,288,Stock Ticker ETL,SelectValues
1145,288,Stock Ticker ETL,PublishToVault
1146,315,Tobey Sales,LoadFromVault
1147,315,Tobey Sales,Constant
1148,315,Tobey Sales,PublishToVault
1149,157,NPO| Exercise Datasets | RC,LoadFromVault
1150,157,NPO| Exercise Datasets | RC,DateCalculator
1151,157,NPO| Exercise Datasets | RC,Filter
1152,157,NPO| Exercise Datasets | RC,Filter
1153,157,NPO| Exercise Datasets | RC,SelectValues
1154,157,NPO| Exercise Datasets | RC,SelectValues
1155,157,NPO| Exercise Datasets | RC,PublishToVault
1156,157,NPO| Exercise Datasets | RC,PublishToVault
1157,322,Forecast Sales - HV,LoadFromVault
1158,322,Forecast Sales - HV,Normalizer
1159,322,Forecast Sales - HV,DateCalculator
1160,322,Forecast Sales - HV,Constant
1161,322,Forecast Sales - HV,ConcatFields
1162,322,Forecast Sales - HV,ValueMapper
1163,322,Forecast Sales - HV,LoadFromVault
1164,322,Forecast Sales - HV,LoadFromVault
1165,322,Forecast Sales - HV,LoadFromVault
1166,322,Forecast Sales - HV,UnionAll
1167,322,Forecast Sales - HV,DateCalculator
1168,322,Forecast Sales - HV,Constant
1169,322,Forecast Sales - HV,ConcatFields
1170,322,Forecast Sales - HV,ValueMapper
1171,322,Forecast Sales - HV,Filter
1172,322,Forecast Sales - HV,GroupBy
1173,322,Forecast Sales - HV,MergeJoin
1174,322,Forecast Sales - HV,SelectValues
1175,322,Forecast Sales - HV,PublishToVault
1176,312,New ETL Transform,LoadFromVault
1177,312,New ETL Transform,LoadFromVault
1178,312,New ETL Transform,Metadata
1179,312,New ETL Transform,UnionAll
1180,312,New ETL Transform,PublishToVault
1181,293,Outdoor Retail Orders,LoadFromVault
1182,293,Outdoor Retail Orders,LoadFromVault
1183,293,Outdoor Retail Orders,Metadata
1184,293,Outdoor Retail Orders,UnionAll
1185,293,Outdoor Retail Orders,PublishToVault
1186,272,New ETL Transform,LoadFromVault
1187,272,New ETL Transform,LoadFromVault
1188,272,New ETL Transform,SelectValues
1189,272,New ETL Transform,SelectValues
1190,272,New ETL Transform,UnionAll
1191,272,New ETL Transform,PublishToVault
1192,291,BM_Outdoor retail orders forecast + actuals,LoadFromVault
1193,291,BM_Outdoor retail orders forecast + actuals,LoadFromVault
1194,291,BM_Outdoor retail orders forecast + actuals,Metadata
1195,291,BM_Outdoor retail orders forecast + actuals,UnionAll
1196,291,BM_Outdoor retail orders forecast + actuals,PublishToVault
1197,327,VG NPO Forecast + Actuals,LoadFromVault
1198,327,VG NPO Forecast + Actuals,LoadFromVault
1199,327,VG NPO Forecast + Actuals,Metadata
1200,327,VG NPO Forecast + Actuals,UnionAll
1201,327,VG NPO Forecast + Actuals,PublishToVault
1202,228,DCO | Outdoor Retail Forecast + Actuals | ML 6.21.2023,LoadFromVault
1203,228,DCO | Outdoor Retail Forecast + Actuals | ML 6.21.2023,LoadFromVault
1204,228,DCO | Outdoor Retail Forecast + Actuals | ML 6.21.2023,SelectValues
1205,228,DCO | Outdoor Retail Forecast + Actuals | ML 6.21.2023,SelectValues
1206,228,DCO | Outdoor Retail Forecast + Actuals | ML 6.21.2023,UnionAll
1207,228,DCO | Outdoor Retail Forecast + Actuals | ML 6.21.2023,PublishToVault
1208,240,TL | DCO August Combined,LoadFromVault
1209,240,TL | DCO August Combined,LoadFromVault
1210,240,TL | DCO August Combined,SelectValues
1211,240,TL | DCO August Combined,SelectValues
1212,240,TL | DCO August Combined,UnionAll
1213,240,TL | DCO August Combined,PublishToVault
1214,317,PF NPO - Outdoor Retail Forecast + Actuals,LoadFromVault
1215,317,PF NPO - Outdoor Retail Forecast + Actuals,LoadFromVault
1216,317,PF NPO - Outdoor Retail Forecast + Actuals,Metadata
1217,317,PF NPO - Outdoor Retail Forecast + Actuals,UnionAll
1218,317,PF NPO - Outdoor Retail Forecast + Actuals,PublishToVault
1219,280,New ETL Transform,LoadFromVault
1220,280,New ETL Transform,LoadFromVault
1221,280,New ETL Transform,SelectValues
1222,280,New ETL Transform,SelectValues
1223,280,New ETL Transform,UnionAll
1224,280,New ETL Transform,PublishToVault
1225,261,JWJ NPO | Outdoor Retail Forecast + Actuals 10/9/2023,LoadFromVault
1226,261,JWJ NPO | Outdoor Retail Forecast + Actuals 10/9/2023,LoadFromVault
1227,261,JWJ NPO | Outdoor Retail Forecast + Actuals 10/9/2023,Metadata
1228,261,JWJ NPO | Outdoor Retail Forecast + Actuals 10/9/2023,UnionAll
1229,261,JWJ NPO | Outdoor Retail Forecast + Actuals 10/9/2023,PublishToVault
1230,281,ETL| TG | NPO | Outdoor Retail Forecast + Actuals,LoadFromVault
1231,281,ETL| TG | NPO | Outdoor Retail Forecast + Actuals,LoadFromVault
1232,281,ETL| TG | NPO | Outdoor Retail Forecast + Actuals,SelectValues
1233,281,ETL| TG | NPO | Outdoor Retail Forecast + Actuals,SelectValues
1234,281,ETL| TG | NPO | Outdoor Retail Forecast + Actuals,UnionAll
1235,281,ETL| TG | NPO | Outdoor Retail Forecast + Actuals,PublishToVault
1236,274,New ETL Transform,LoadFromVault
1237,274,New ETL Transform,LoadFromVault
1238,274,New ETL Transform,SelectValues
1239,274,New ETL Transform,SelectValues
1240,274,New ETL Transform,UnionAll
1241,274,New ETL Transform,PublishToVault
1242,223,KK | DCO Combined DataSet,LoadFromVault
1243,223,KK | DCO Combined DataSet,LoadFromVault
1244,223,KK | DCO Combined DataSet,SelectValues
1245,223,KK | DCO Combined DataSet,SelectValues
1246,223,KK | DCO Combined DataSet,UnionAll
1247,223,KK | DCO Combined DataSet,PublishToVault
1248,316,JWJ NPO | Outdoor Retail Forecast + Actuals 11/8/2023,LoadFromVault
1249,316,JWJ NPO | Outdoor Retail Forecast + Actuals 11/8/2023,LoadFromVault
1250,316,JWJ NPO | Outdoor Retail Forecast + Actuals 11/8/2023,Metadata
1251,316,JWJ NPO | Outdoor Retail Forecast + Actuals 11/8/2023,UnionAll
1252,316,JWJ NPO | Outdoor Retail Forecast + Actuals 11/8/2023,PublishToVault
1253,116,[Community L&L 2023-01-19] Mock Sales with Calendar,LoadFromVault
1254,116,[Community L&L 2023-01-19] Mock Sales with Calendar,LoadFromVault
1255,116,[Community L&L 2023-01-19] Mock Sales with Calendar,SelectValues
1256,116,[Community L&L 2023-01-19] Mock Sales with Calendar,Filter
1257,116,[Community L&L 2023-01-19] Mock Sales with Calendar,WindowAction
1258,116,[Community L&L 2023-01-19] Mock Sales with Calendar,WindowAction
1259,116,[Community L&L 2023-01-19] Mock Sales with Calendar,WindowAction
1260,116,[Community L&L 2023-01-19] Mock Sales with Calendar,ExpressionEvaluator
1261,116,[Community L&L 2023-01-19] Mock Sales with Calendar,Filter
1262,116,[Community L&L 2023-01-19] Mock Sales with Calendar,MergeJoin
1263,116,[Community L&L 2023-01-19] Mock Sales with Calendar,ExpressionEvaluator
1264,116,[Community L&L 2023-01-19] Mock Sales with Calendar,SelectValues
1265,116,[Community L&L 2023-01-19] Mock Sales with Calendar,MergeJoin
1266,116,[Community L&L 2023-01-19] Mock Sales with Calendar,PublishToVault
1267,135,Events Coming Soon,LoadFromVault
1268,135,Events Coming Soon,LoadFromVault
1269,135,Events Coming Soon,MergeJoin
1270,135,Events Coming Soon,ExpressionEvaluator
1271,135,Events Coming Soon,Filter
1272,135,Events Coming Soon,SelectValues
1273,135,Events Coming Soon,PublishToVault
1274,26,MetaData | Stage 4 | Beast Modes,LoadFromVault
1275,26,MetaData | Stage 4 | Beast Modes,LoadFromVault
1276,26,MetaData | Stage 4 | Beast Modes,LoadFromVault
1277,26,MetaData | Stage 4 | Beast Modes,SelectValues
1278,26,MetaData | Stage 4 | Beast Modes,GroupBy
1279,26,MetaData | Stage 4 | Beast Modes,SelectValues
1280,26,MetaData | Stage 4 | Beast Modes,ConcatFields
1281,26,MetaData | Stage 4 | Beast Modes,GroupBy
1282,26,MetaData | Stage 4 | Beast Modes,ValueMapper
1283,26,MetaData | Stage 4 | Beast Modes,GroupBy
1284,26,MetaData | Stage 4 | Beast Modes,GroupBy
1285,26,MetaData | Stage 4 | Beast Modes,MergeJoin
1286,26,MetaData | Stage 4 | Beast Modes,GroupBy
1287,26,MetaData | Stage 4 | Beast Modes,MergeJoin
1288,26,MetaData | Stage 4 | Beast Modes,MergeJoin
1289,26,MetaData | Stage 4 | Beast Modes,LoadFromVault
1290,26,MetaData | Stage 4 | Beast Modes,Filter
1291,26,MetaData | Stage 4 | Beast Modes,SelectValues
1292,26,MetaData | Stage 4 | Beast Modes,WindowAction
1293,26,MetaData | Stage 4 | Beast Modes,GroupBy
1294,26,MetaData | Stage 4 | Beast Modes,SelectValues
1295,26,MetaData | Stage 4 | Beast Modes,LoadFromVault
1296,26,MetaData | Stage 4 | Beast Modes,GroupBy
1297,26,MetaData | Stage 4 | Beast Modes,SelectValues
1298,26,MetaData | Stage 4 | Beast Modes,MergeJoin
1299,26,MetaData | Stage 4 | Beast Modes,MergeJoin
1300,26,MetaData | Stage 4 | Beast Modes,LoadFromVault
1301,26,MetaData | Stage 4 | Beast Modes,Filter
1302,26,MetaData | Stage 4 | Beast Modes,ConcatFields
1303,26,MetaData | Stage 4 | Beast Modes,GroupBy
1304,26,MetaData | Stage 4 | Beast Modes,GroupBy
1305,26,MetaData | Stage 4 | Beast Modes,Constant
1306,26,MetaData | Stage 4 | Beast Modes,Constant
1307,26,MetaData | Stage 4 | Beast Modes,Constant
1308,26,MetaData | Stage 4 | Beast Modes,Constant
1309,26,MetaData | Stage 4 | Beast Modes,ConcatFields
1310,26,MetaData | Stage 4 | Beast Modes,SelectValues
1311,26,MetaData | Stage 4 | Beast Modes,ConcatFields
1312,26,MetaData | Stage 4 | Beast Modes,GroupBy
1313,26,MetaData | Stage 4 | Beast Modes,MergeJoin
1314,26,MetaData | Stage 4 | Beast Modes,MergeJoin
1315,26,MetaData | Stage 4 | Beast Modes,MergeJoin
1316,26,MetaData | Stage 4 | Beast Modes,ConcatFields
1317,26,MetaData | Stage 4 | Beast Modes,MergeJoin
1318,26,MetaData | Stage 4 | Beast Modes,Filter
1319,26,MetaData | Stage 4 | Beast Modes,Filter
1320,26,MetaData | Stage 4 | Beast Modes,ReplaceString
1321,26,MetaData | Stage 4 | Beast Modes,Filter
1322,26,MetaData | Stage 4 | Beast Modes,ReplaceString
1323,26,MetaData | Stage 4 | Beast Modes,Filter
1324,26,MetaData | Stage 4 | Beast Modes,ReplaceString
1325,26,MetaData | Stage 4 | Beast Modes,UnionAll
1326,26,MetaData | Stage 4 | Beast Modes,SelectValues
1327,26,MetaData | Stage 4 | Beast Modes,Constant
1328,26,MetaData | Stage 4 | Beast Modes,PublishToVault
1329,36,AutoML Sales Opportunities Prediction,LoadFromVault
1330,36,AutoML Sales Opportunities Prediction,MLInferenceAction
1331,36,AutoML Sales Opportunities Prediction,PublishToVault
1332,35,Sim Data AutoML Prep,LoadFromVault
1333,35,Sim Data AutoML Prep,Unique
1334,35,Sim Data AutoML Prep,Filter
1335,35,Sim Data AutoML Prep,SelectValues
1336,35,Sim Data AutoML Prep,SelectValues
1337,35,Sim Data AutoML Prep,PublishToVault
1338,35,Sim Data AutoML Prep,PublishToVault
1339,43,ad promo prep,LoadFromVault
1340,43,ad promo prep,ExpressionEvaluator
1341,43,ad promo prep,Filter
1342,43,ad promo prep,GroupBy
1343,43,ad promo prep,ExpressionEvaluator
1344,43,ad promo prep,MergeJoin
1345,43,ad promo prep,PublishToVault
1346,43,ad promo prep,PublishToVault
1347,43,ad promo prep,Filter
1348,43,ad promo prep,PublishToVault
1349,50,Customer Balance Summary,LoadFromVault
1350,50,Customer Balance Summary,SelectValues
1351,50,Customer Balance Summary,WindowAction
1352,50,Customer Balance Summary,Filter
1353,50,Customer Balance Summary,SelectValues
1354,50,Customer Balance Summary,PublishToVault
1355,64,major domo recert_ForecastSales_ST,LoadFromVault
1356,64,major domo recert_ForecastSales_ST,Normalizer
1357,64,major domo recert_ForecastSales_ST,DateCalculator
1358,64,major domo recert_ForecastSales_ST,Constant
1359,64,major domo recert_ForecastSales_ST,ConcatFields
1360,64,major domo recert_ForecastSales_ST,Metadata
1361,64,major domo recert_ForecastSales_ST,LoadFromVault
1362,64,major domo recert_ForecastSales_ST,LoadFromVault
1363,64,major domo recert_ForecastSales_ST,LoadFromVault
1364,64,major domo recert_ForecastSales_ST,UnionAll
1365,64,major domo recert_ForecastSales_ST,DateCalculator
1366,64,major domo recert_ForecastSales_ST,Constant
1367,64,major domo recert_ForecastSales_ST,ConcatFields
1368,64,major domo recert_ForecastSales_ST,Metadata
1369,64,major domo recert_ForecastSales_ST,Filter
1370,64,major domo recert_ForecastSales_ST,GroupBy
1371,64,major domo recert_ForecastSales_ST,MergeJoin
1372,64,major domo recert_ForecastSales_ST,SelectValues
1373,64,major domo recert_ForecastSales_ST,PublishToVault
1374,83,Working Hours Example,LoadFromVault
1375,83,Working Hours Example,Constant
1376,83,Working Hours Example,ExpressionEvaluator
1377,94,New ETL Transform,LoadFromVault
1378,94,New ETL Transform,ExpressionEvaluator
1379,94,New ETL Transform,PublishToVault
1380,97,Dojo - WorldWarHulk ETL,LoadFromVault
1381,97,Dojo - WorldWarHulk ETL,LoadFromVault
1382,97,Dojo - WorldWarHulk ETL,SelectValues
1383,97,Dojo - WorldWarHulk ETL,ExpressionEvaluator
1384,97,Dojo - WorldWarHulk ETL,Normalizer
1385,97,Dojo - WorldWarHulk ETL,MergeJoin
1386,97,Dojo - WorldWarHulk ETL,SelectValues
1387,97,Dojo - WorldWarHulk ETL,PublishToVault
1388,100,ETL @datamatt,LoadFromVault
1389,100,ETL @datamatt,LoadFromVault
1390,100,ETL @datamatt,Constant
1391,100,ETL @datamatt,Constant
1392,100,ETL @datamatt,SelectValues
1393,100,ETL @datamatt,GroupBy
1394,100,ETL @datamatt,MergeJoin
1395,100,ETL @datamatt,Filter
1396,100,ETL @datamatt,MergeJoin
1397,100,ETL @datamatt,Filter
1398,100,ETL @datamatt,ExpressionEvaluator
1399,100,ETL @datamatt,SelectValues
1400,100,ETL @datamatt,PublishToVault
1401,127,@Zel ETL,LoadFromVault
1402,127,@Zel ETL,Filter
1403,127,@Zel ETL,GroupBy
1404,127,@Zel ETL,Constant
1405,127,@Zel ETL,MergeJoin
1406,127,@Zel ETL,ExpressionEvaluator
1407,127,@Zel ETL,PublishToVault
1408,29,Crytpo Usecase,LoadFromVault
1409,29,Crytpo Usecase,LoadFromVault
1410,29,Crytpo Usecase,LoadFromVault
1411,29,Crytpo Usecase,ExpressionEvaluator
1412,29,Crytpo Usecase,MergeJoin
1413,29,Crytpo Usecase,ExpressionEvaluator
1414,29,Crytpo Usecase,WindowAction
1415,29,Crytpo Usecase,Metadata
1416,29,Crytpo Usecase,Metadata
1417,29,Crytpo Usecase,MergeJoin
1418,29,Crytpo Usecase,LoadFromVault
1419,29,Crytpo Usecase,LoadFromVault
1420,29,Crytpo Usecase,LoadFromVault
1421,29,Crytpo Usecase,LoadFromVault
1422,29,Crytpo Usecase,LoadFromVault
1423,29,Crytpo Usecase,LoadFromVault
1424,29,Crytpo Usecase,LoadFromVault
1425,29,Crytpo Usecase,LoadFromVault
1426,29,Crytpo Usecase,LoadFromVault
1427,29,Crytpo Usecase,UnionAll
1428,29,Crytpo Usecase,MergeJoin
1429,29,Crytpo Usecase,WindowAction
1430,29,Crytpo Usecase,WindowAction
1431,29,Crytpo Usecase,Constant
1432,29,Crytpo Usecase,Metadata
1433,29,Crytpo Usecase,Constant
1434,29,Crytpo Usecase,LoadFromVault
1435,29,Crytpo Usecase,Unique
1436,29,Crytpo Usecase,Filter
1437,29,Crytpo Usecase,Metadata
1438,29,Crytpo Usecase,Filter
1439,29,Crytpo Usecase,Metadata
1440,29,Crytpo Usecase,ExpressionEvaluator
1441,29,Crytpo Usecase,Metadata
1442,29,Crytpo Usecase,ExpressionEvaluator
1443,29,Crytpo Usecase,Metadata
1444,29,Crytpo Usecase,UnionAll
1445,29,Crytpo Usecase,Constant
1446,29,Crytpo Usecase,MergeJoin
1447,29,Crytpo Usecase,UnionAll
1448,29,Crytpo Usecase,GroupBy
1449,29,Crytpo Usecase,MergeJoin
1450,29,Crytpo Usecase,PublishToVault
1451,121,Alert Effectiveness,LoadFromVault
1452,121,Alert Effectiveness,LoadFromVault
1453,121,Alert Effectiveness,LoadFromVault
1454,121,Alert Effectiveness,GroupBy
1455,121,Alert Effectiveness,MergeJoin
1456,121,Alert Effectiveness,GroupBy
1457,121,Alert Effectiveness,GroupBy
1458,121,Alert Effectiveness,MergeJoin
1459,121,Alert Effectiveness,PublishToVault
1460,72,User Segmentation Example,LoadFromVault
1461,72,User Segmentation Example,ExpressionEvaluator
1462,72,User Segmentation Example,GroupBy
1463,72,User Segmentation Example,PublishToVault
1464,129,GR_DS_OP ETL,LoadFromVault
1465,129,GR_DS_OP ETL,LoadFromVault
1466,129,GR_DS_OP ETL,GroupBy
1467,129,GR_DS_OP ETL,MergeJoin
1468,129,GR_DS_OP ETL,ExpressionEvaluator
1469,129,GR_DS_OP ETL,PublishToVault
1470,151,IL Robert,LoadFromVault
1471,151,IL Robert,WindowAction
1472,151,IL Robert,PythonEngineAction
1473,151,IL Robert,Metadata
1474,151,IL Robert,PublishToVault
1475,108,Datasets_lineage,LoadFromVault
1476,108,Datasets_lineage,LoadFromVault
1477,108,Datasets_lineage,SelectValues
1478,108,Datasets_lineage,SelectValues
1479,108,Datasets_lineage,Filter
1480,108,Datasets_lineage,SelectValues
1481,108,Datasets_lineage,ExpressionEvaluator
1482,108,Datasets_lineage,Unique
1483,108,Datasets_lineage,UnionAll
1484,108,Datasets_lineage,PythonEngineAction
1485,108,Datasets_lineage,PublishToVault
1486,8,MetaData_Stage 1_People-Project-Buzz-PDP,LoadFromVault
1487,8,MetaData_Stage 1_People-Project-Buzz-PDP,LoadFromVault
1488,8,MetaData_Stage 1_People-Project-Buzz-PDP,Constant
1489,8,MetaData_Stage 1_People-Project-Buzz-PDP,Constant
1490,8,MetaData_Stage 1_People-Project-Buzz-PDP,PublishToVault
1491,8,MetaData_Stage 1_People-Project-Buzz-PDP,PublishToVault
1492,8,MetaData_Stage 1_People-Project-Buzz-PDP,LoadFromVault
1493,8,MetaData_Stage 1_People-Project-Buzz-PDP,Constant
1494,8,MetaData_Stage 1_People-Project-Buzz-PDP,Constant
1495,8,MetaData_Stage 1_People-Project-Buzz-PDP,ConcatFields
1496,8,MetaData_Stage 1_People-Project-Buzz-PDP,LoadFromVault
1497,8,MetaData_Stage 1_People-Project-Buzz-PDP,GroupBy
1498,8,MetaData_Stage 1_People-Project-Buzz-PDP,SelectValues
1499,8,MetaData_Stage 1_People-Project-Buzz-PDP,MergeJoin
1500,8,MetaData_Stage 1_People-Project-Buzz-PDP,Filter
1501,8,MetaData_Stage 1_People-Project-Buzz-PDP,SetValueField
1502,8,MetaData_Stage 1_People-Project-Buzz-PDP,ValueMapper
1503,8,MetaData_Stage 1_People-Project-Buzz-PDP,Filter
1504,8,MetaData_Stage 1_People-Project-Buzz-PDP,UnionAll
1505,8,MetaData_Stage 1_People-Project-Buzz-PDP,SplitColumnAction
1506,8,MetaData_Stage 1_People-Project-Buzz-PDP,DateCalculator
1507,8,MetaData_Stage 1_People-Project-Buzz-PDP,ReplaceString
1508,8,MetaData_Stage 1_People-Project-Buzz-PDP,ValueMapper
1509,8,MetaData_Stage 1_People-Project-Buzz-PDP,SelectValues
1510,8,MetaData_Stage 1_People-Project-Buzz-PDP,Constant
1511,8,MetaData_Stage 1_People-Project-Buzz-PDP,PublishToVault
1512,8,MetaData_Stage 1_People-Project-Buzz-PDP,LoadFromVault
1513,8,MetaData_Stage 1_People-Project-Buzz-PDP,Constant
1514,8,MetaData_Stage 1_People-Project-Buzz-PDP,PublishToVault
1515,8,MetaData_Stage 1_People-Project-Buzz-PDP,LoadFromVault
1516,8,MetaData_Stage 1_People-Project-Buzz-PDP,LoadFromVault
1517,8,MetaData_Stage 1_People-Project-Buzz-PDP,SelectValues
1518,8,MetaData_Stage 1_People-Project-Buzz-PDP,SelectValues
1519,8,MetaData_Stage 1_People-Project-Buzz-PDP,MergeJoin
1520,8,MetaData_Stage 1_People-Project-Buzz-PDP,Filter
1521,8,MetaData_Stage 1_People-Project-Buzz-PDP,SelectValues
1522,8,MetaData_Stage 1_People-Project-Buzz-PDP,Constant
1523,8,MetaData_Stage 1_People-Project-Buzz-PDP,UnionAll
1524,8,MetaData_Stage 1_People-Project-Buzz-PDP,Constant
1525,8,MetaData_Stage 1_People-Project-Buzz-PDP,PublishToVault
1526,8,MetaData_Stage 1_People-Project-Buzz-PDP,LoadFromVault
1527,8,MetaData_Stage 1_People-Project-Buzz-PDP,LoadFromVault
1528,8,MetaData_Stage 1_People-Project-Buzz-PDP,LoadFromVault
1529,8,MetaData_Stage 1_People-Project-Buzz-PDP,Constant
1530,8,MetaData_Stage 1_People-Project-Buzz-PDP,SetValueField
1531,8,MetaData_Stage 1_People-Project-Buzz-PDP,Metadata
1532,8,MetaData_Stage 1_People-Project-Buzz-PDP,DateCalculator
1533,8,MetaData_Stage 1_People-Project-Buzz-PDP,SelectValues
1534,8,MetaData_Stage 1_People-Project-Buzz-PDP,SelectValues
1535,8,MetaData_Stage 1_People-Project-Buzz-PDP,MergeJoin
1536,8,MetaData_Stage 1_People-Project-Buzz-PDP,SelectValues
1537,8,MetaData_Stage 1_People-Project-Buzz-PDP,MergeJoin
1538,8,MetaData_Stage 1_People-Project-Buzz-PDP,Constant
1539,8,MetaData_Stage 1_People-Project-Buzz-PDP,PublishToVault
1540,8,MetaData_Stage 1_People-Project-Buzz-PDP,Constant
1541,8,MetaData_Stage 1_People-Project-Buzz-PDP,PublishToVault
1542,8,MetaData_Stage 1_People-Project-Buzz-PDP,Constant
1543,8,MetaData_Stage 1_People-Project-Buzz-PDP,PublishToVault
1544,268,Forecast Sales All Time AA,LoadFromVault
1545,268,Forecast Sales All Time AA,LoadFromVault
1546,268,Forecast Sales All Time AA,SelectValues
1547,268,Forecast Sales All Time AA,Unique
1548,268,Forecast Sales All Time AA,MergeJoin
1549,268,Forecast Sales All Time AA,Filter
1550,268,Forecast Sales All Time AA,SelectValues
1551,268,Forecast Sales All Time AA,UnionAll
1552,268,Forecast Sales All Time AA,PublishToVault
1553,271,DEV_Magic ETL ERROR Example,LoadFromVault
1554,271,DEV_Magic ETL ERROR Example,ExpressionEvaluator
1555,271,DEV_Magic ETL ERROR Example,PublishToVault
1556,311,BAC | ETL Build Vocation Training Set,LoadFromVault
1557,311,BAC | ETL Build Vocation Training Set,ExpressionEvaluator
1558,311,BAC | ETL Build Vocation Training Set,GroupBy
1559,311,BAC | ETL Build Vocation Training Set,Filter
1560,311,BAC | ETL Build Vocation Training Set,SelectValues
1561,311,BAC | ETL Build Vocation Training Set,PublishToVault
1562,310,BAC | Vocation ML ETL,LoadFromVault
1563,310,BAC | Vocation ML ETL,MLInferenceAction
1564,310,BAC | Vocation ML ETL,PublishToVault
1565,323,New ETL Transform,LoadFromVault
1566,323,New ETL Transform,Constant
1567,323,New ETL Transform,ValueMapper
1568,321,Combined Sales Data - HV,LoadFromVault
1569,321,Combined Sales Data - HV,LoadFromVault
1570,321,Combined Sales Data - HV,LoadFromVault
1571,321,Combined Sales Data - HV,SelectValues
1572,321,Combined Sales Data - HV,SelectValues
1573,321,Combined Sales Data - HV,SelectValues
1574,321,Combined Sales Data - HV,UnionAll
1575,321,Combined Sales Data - HV,PublishToVault
1576,300,TH | NPO 23 | Combine Dataset,LoadFromVault
1577,300,TH | NPO 23 | Combine Dataset,LoadFromVault
1578,300,TH | NPO 23 | Combine Dataset,SelectValues
1579,300,TH | NPO 23 | Combine Dataset,SelectValues
1580,300,TH | NPO 23 | Combine Dataset,UnionAll
1581,300,TH | NPO 23 | Combine Dataset,PublishToVault
1582,201,New ETL Transform,LoadFromVault
1583,201,New ETL Transform,LoadFromVault
1584,201,New ETL Transform,SelectValues
1585,201,New ETL Transform,SelectValues
1586,201,New ETL Transform,UnionAll
1587,201,New ETL Transform,PublishToVault
1588,319,MD + NPO - Outdoor Retail FCST + Actuals,LoadFromVault
1589,319,MD + NPO - Outdoor Retail FCST + Actuals,LoadFromVault
1590,319,MD + NPO - Outdoor Retail FCST + Actuals,Metadata
1591,319,MD + NPO - Outdoor Retail FCST + Actuals,UnionAll
1592,319,MD + NPO - Outdoor Retail FCST + Actuals,PublishToVault
1593,329,ADW NPO Forecast + Actuals,LoadFromVault
1594,329,ADW NPO Forecast + Actuals,LoadFromVault
1595,329,ADW NPO Forecast + Actuals,Metadata
1596,329,ADW NPO Forecast + Actuals,UnionAll
1597,329,ADW NPO Forecast + Actuals,PublishToVault
1598,305,JTP | NPO | Combined Dataset,LoadFromVault
1599,305,JTP | NPO | Combined Dataset,LoadFromVault
1600,305,JTP | NPO | Combined Dataset,SelectValues
1601,305,JTP | NPO | Combined Dataset,SelectValues
1602,305,JTP | NPO | Combined Dataset,UnionAll
1603,305,JTP | NPO | Combined Dataset,PublishToVault
1604,328,DGS | NPO Forecast + Actuals,LoadFromVault
1605,328,DGS | NPO Forecast + Actuals,LoadFromVault
1606,328,DGS | NPO Forecast + Actuals,Metadata
1607,328,DGS | NPO Forecast + Actuals,UnionAll
1608,328,DGS | NPO Forecast + Actuals,PublishToVault
1609,338,MW NPO | Outdoor Retail Forecast + Actuals,LoadFromVault
1610,338,MW NPO | Outdoor Retail Forecast + Actuals,LoadFromVault
1611,338,MW NPO | Outdoor Retail Forecast + Actuals,SelectValues
1612,338,MW NPO | Outdoor Retail Forecast + Actuals,SelectValues
1613,338,MW NPO | Outdoor Retail Forecast + Actuals,UnionAll
1614,338,MW NPO | Outdoor Retail Forecast + Actuals,PublishToVault
1615,295,Outdoor Retail Orders Forecast + Actuals,LoadFromVault
1616,295,Outdoor Retail Orders Forecast + Actuals,LoadFromVault
1617,295,Outdoor Retail Orders Forecast + Actuals,Metadata
1618,295,Outdoor Retail Orders Forecast + Actuals,UnionAll
1619,295,Outdoor Retail Orders Forecast + Actuals,PublishToVault
1620,255,SS ETL DCO Actuals Forecast,LoadFromVault
1621,255,SS ETL DCO Actuals Forecast,LoadFromVault
1622,255,SS ETL DCO Actuals Forecast,SelectValues
1623,255,SS ETL DCO Actuals Forecast,SelectValues
1624,255,SS ETL DCO Actuals Forecast,UnionAll
1625,255,SS ETL DCO Actuals Forecast,PublishToVault
1626,278,New ETL Transform,LoadFromVault
1627,278,New ETL Transform,LoadFromVault
1628,278,New ETL Transform,SelectValues
1629,278,New ETL Transform,SelectValues
1630,278,New ETL Transform,UnionAll
1631,278,New ETL Transform,PublishToVault
1632,314,MJ |NPO 23| Combined Dataset,LoadFromVault
1633,314,MJ |NPO 23| Combined Dataset,LoadFromVault
1634,314,MJ |NPO 23| Combined Dataset,SelectValues
1635,314,MJ |NPO 23| Combined Dataset,SelectValues
1636,314,MJ |NPO 23| Combined Dataset,UnionAll
1637,314,MJ |NPO 23| Combined Dataset,PublishToVault
1638,326,CB _ Combined _ dataflow ,LoadFromVault
1639,326,CB _ Combined _ dataflow ,LoadFromVault
1640,326,CB _ Combined _ dataflow ,Metadata
1641,326,CB _ Combined _ dataflow ,UnionAll
1642,326,CB _ Combined _ dataflow ,PublishToVault
1643,275,New ETL Transform,LoadFromVault
1644,275,New ETL Transform,LoadFromVault
1645,275,New ETL Transform,SelectValues
1646,275,New ETL Transform,SelectValues
1647,275,New ETL Transform,UnionAll
1648,275,New ETL Transform,PublishToVault
1649,279,BAC | ETL Retail Product Forecast Union,LoadFromVault
1650,279,BAC | ETL Retail Product Forecast Union,LoadFromVault
1651,279,BAC | ETL Retail Product Forecast Union,Metadata
1652,279,BAC | ETL Retail Product Forecast Union,UnionAll
1653,279,BAC | ETL Retail Product Forecast Union,PublishToVault
1654,298,JPS | MPO 23 | Combined Dataset,LoadFromVault
1655,298,JPS | MPO 23 | Combined Dataset,LoadFromVault
1656,298,JPS | MPO 23 | Combined Dataset,SelectValues
1657,298,JPS | MPO 23 | Combined Dataset,SelectValues
1658,298,JPS | MPO 23 | Combined Dataset,UnionAll
1659,298,JPS | MPO 23 | Combined Dataset,PublishToVault
1660,277,New ETL Transform,LoadFromVault
1661,277,New ETL Transform,LoadFromVault
1662,277,New ETL Transform,SelectValues
1663,277,New ETL Transform,SelectValues
1664,277,New ETL Transform,UnionAll
1665,277,New ETL Transform,PublishToVault
1666,296,CB| NPO 23| Combined Dataset,LoadFromVault
1667,296,CB| NPO 23| Combined Dataset,LoadFromVault
1668,296,CB| NPO 23| Combined Dataset,SelectValues
1669,296,CB| NPO 23| Combined Dataset,SelectValues
1670,296,CB| NPO 23| Combined Dataset,UnionAll
1671,296,CB| NPO 23| Combined Dataset,PublishToVault
1672,21,MetaData | Stage 5 | Log Tables,LoadFromVault
1673,21,MetaData | Stage 5 | Log Tables,Filter
1674,21,MetaData | Stage 5 | Log Tables,Filter
1675,21,MetaData | Stage 5 | Log Tables,SetValueField
1676,21,MetaData | Stage 5 | Log Tables,UnionAll
1677,21,MetaData | Stage 5 | Log Tables,Constant
1678,21,MetaData | Stage 5 | Log Tables,SetValueField
1679,21,MetaData | Stage 5 | Log Tables,Metadata
1680,21,MetaData | Stage 5 | Log Tables,SplitColumnAction
1681,21,MetaData | Stage 5 | Log Tables,SplitColumnAction
1682,21,MetaData | Stage 5 | Log Tables,ExpressionEvaluator
1683,21,MetaData | Stage 5 | Log Tables,Metadata
1684,21,MetaData | Stage 5 | Log Tables,LoadFromVault
1685,21,MetaData | Stage 5 | Log Tables,MergeJoin
1686,21,MetaData | Stage 5 | Log Tables,ReplaceString
1687,21,MetaData | Stage 5 | Log Tables,LoadFromVault
1688,21,MetaData | Stage 5 | Log Tables,SelectValues
1689,21,MetaData | Stage 5 | Log Tables,MergeJoin
1690,21,MetaData | Stage 5 | Log Tables,SelectValues
1691,21,MetaData | Stage 5 | Log Tables,PublishToVault
1692,21,MetaData | Stage 5 | Log Tables,Filter
1693,21,MetaData | Stage 5 | Log Tables,LoadFromVault
1694,21,MetaData | Stage 5 | Log Tables,GroupBy
1695,21,MetaData | Stage 5 | Log Tables,SelectValues
1696,21,MetaData | Stage 5 | Log Tables,MergeJoin
1697,21,MetaData | Stage 5 | Log Tables,Filter
1698,21,MetaData | Stage 5 | Log Tables,LoadFromVault
1699,21,MetaData | Stage 5 | Log Tables,GroupBy
1700,21,MetaData | Stage 5 | Log Tables,SelectValues
1701,21,MetaData | Stage 5 | Log Tables,MergeJoin
1702,21,MetaData | Stage 5 | Log Tables,Filter
1703,21,MetaData | Stage 5 | Log Tables,LoadFromVault
1704,21,MetaData | Stage 5 | Log Tables,GroupBy
1705,21,MetaData | Stage 5 | Log Tables,SelectValues
1706,21,MetaData | Stage 5 | Log Tables,MergeJoin
1707,21,MetaData | Stage 5 | Log Tables,Filter
1708,21,MetaData | Stage 5 | Log Tables,LoadFromVault
1709,21,MetaData | Stage 5 | Log Tables,GroupBy
1710,21,MetaData | Stage 5 | Log Tables,SelectValues
1711,21,MetaData | Stage 5 | Log Tables,MergeJoin
1712,21,MetaData | Stage 5 | Log Tables,Filter
1713,21,MetaData | Stage 5 | Log Tables,Constant
1714,21,MetaData | Stage 5 | Log Tables,UnionAll
1715,21,MetaData | Stage 5 | Log Tables,Filter
1716,21,MetaData | Stage 5 | Log Tables,SelectValues
1717,21,MetaData | Stage 5 | Log Tables,MergeJoin
1718,21,MetaData | Stage 5 | Log Tables,SetValueField
1719,21,MetaData | Stage 5 | Log Tables,Filter
1720,21,MetaData | Stage 5 | Log Tables,SelectValues
1721,21,MetaData | Stage 5 | Log Tables,MergeJoin
1722,21,MetaData | Stage 5 | Log Tables,SetValueField
1723,21,MetaData | Stage 5 | Log Tables,Filter
1724,21,MetaData | Stage 5 | Log Tables,SelectValues
1725,21,MetaData | Stage 5 | Log Tables,MergeJoin
1726,21,MetaData | Stage 5 | Log Tables,SetValueField
1727,21,MetaData | Stage 5 | Log Tables,Filter
1728,21,MetaData | Stage 5 | Log Tables,SelectValues
1729,21,MetaData | Stage 5 | Log Tables,MergeJoin
1730,21,MetaData | Stage 5 | Log Tables,SetValueField
1731,21,MetaData | Stage 5 | Log Tables,LoadFromVault
1732,21,MetaData | Stage 5 | Log Tables,Unique
1733,21,MetaData | Stage 5 | Log Tables,DateCalculator
1734,21,MetaData | Stage 5 | Log Tables,NumericCalculator
1735,21,MetaData | Stage 5 | Log Tables,Constant
1736,21,MetaData | Stage 5 | Log Tables,SetValueField
1737,21,MetaData | Stage 5 | Log Tables,Metadata
1738,21,MetaData | Stage 5 | Log Tables,SelectValues
1739,21,MetaData | Stage 5 | Log Tables,MergeJoin
1740,21,MetaData | Stage 5 | Log Tables,Filter
1741,21,MetaData | Stage 5 | Log Tables,SetValueField
1742,21,MetaData | Stage 5 | Log Tables,Filter
1743,21,MetaData | Stage 5 | Log Tables,UnionAll
1744,21,MetaData | Stage 5 | Log Tables,SplitColumnAction
1745,21,MetaData | Stage 5 | Log Tables,SplitColumnAction
1746,21,MetaData | Stage 5 | Log Tables,Filter
1747,21,MetaData | Stage 5 | Log Tables,Constant
1748,21,MetaData | Stage 5 | Log Tables,Filter
1749,21,MetaData | Stage 5 | Log Tables,Constant
1750,21,MetaData | Stage 5 | Log Tables,UnionAll
1751,21,MetaData | Stage 5 | Log Tables,SelectValues
1752,21,MetaData | Stage 5 | Log Tables,LoadFromVault
1753,21,MetaData | Stage 5 | Log Tables,Metadata
1754,21,MetaData | Stage 5 | Log Tables,DateCalculator
1755,21,MetaData | Stage 5 | Log Tables,NumericCalculator
1756,21,MetaData | Stage 5 | Log Tables,Constant
1757,21,MetaData | Stage 5 | Log Tables,SetValueField
1758,21,MetaData | Stage 5 | Log Tables,Metadata
1759,21,MetaData | Stage 5 | Log Tables,SelectValues
1760,21,MetaData | Stage 5 | Log Tables,MergeJoin
1761,21,MetaData | Stage 5 | Log Tables,MergeJoin
1762,21,MetaData | Stage 5 | Log Tables,SplitColumnAction
1763,21,MetaData | Stage 5 | Log Tables,SplitColumnAction
1764,21,MetaData | Stage 5 | Log Tables,Filter
1765,21,MetaData | Stage 5 | Log Tables,Constant
1766,21,MetaData | Stage 5 | Log Tables,Filter
1767,21,MetaData | Stage 5 | Log Tables,Constant
1768,21,MetaData | Stage 5 | Log Tables,UnionAll
1769,21,MetaData | Stage 5 | Log Tables,Filter
1770,21,MetaData | Stage 5 | Log Tables,GroupBy
1771,21,MetaData | Stage 5 | Log Tables,DateCalculator
1772,21,MetaData | Stage 5 | Log Tables,Metadata
1773,21,MetaData | Stage 5 | Log Tables,NumericCalculator
1774,21,MetaData | Stage 5 | Log Tables,SplitColumnAction
1775,21,MetaData | Stage 5 | Log Tables,SplitColumnAction
1776,21,MetaData | Stage 5 | Log Tables,SelectValues
1777,21,MetaData | Stage 5 | Log Tables,PublishToVault
1778,21,MetaData | Stage 5 | Log Tables,UnionAll
1779,21,MetaData | Stage 5 | Log Tables,Filter
1780,21,MetaData | Stage 5 | Log Tables,Filter
1781,21,MetaData | Stage 5 | Log Tables,ReplaceString
1782,21,MetaData | Stage 5 | Log Tables,Filter
1783,21,MetaData | Stage 5 | Log Tables,SetValueField
1784,21,MetaData | Stage 5 | Log Tables,UnionAll
1785,21,MetaData | Stage 5 | Log Tables,Filter
1786,21,MetaData | Stage 5 | Log Tables,Constant
1787,21,MetaData | Stage 5 | Log Tables,Filter
1788,21,MetaData | Stage 5 | Log Tables,Constant
1789,21,MetaData | Stage 5 | Log Tables,UnionAll
1790,21,MetaData | Stage 5 | Log Tables,SelectValues
1791,21,MetaData | Stage 5 | Log Tables,PublishToVault
1792,21,MetaData | Stage 5 | Log Tables,LoadFromVault
1793,21,MetaData | Stage 5 | Log Tables,Constant
1794,21,MetaData | Stage 5 | Log Tables,Constant
1795,21,MetaData | Stage 5 | Log Tables,SelectValues
1796,21,MetaData | Stage 5 | Log Tables,SelectValues
1797,21,MetaData | Stage 5 | Log Tables,UnionAll
1798,21,MetaData | Stage 5 | Log Tables,PublishToVault
1799,21,MetaData | Stage 5 | Log Tables,GroupBy
1800,21,MetaData | Stage 5 | Log Tables,Constant
1801,21,MetaData | Stage 5 | Log Tables,SelectValues
1802,21,MetaData | Stage 5 | Log Tables,MergeJoin
1803,21,MetaData | Stage 5 | Log Tables,SelectValues
1804,21,MetaData | Stage 5 | Log Tables,PublishToVault
1805,21,MetaData | Stage 5 | Log Tables,ConcatFields
1806,21,MetaData | Stage 5 | Log Tables,ConcatFields
1807,21,MetaData | Stage 5 | Log Tables,SelectValues
1808,21,MetaData | Stage 5 | Log Tables,MergeJoin
1809,21,MetaData | Stage 5 | Log Tables,GroupBy
1810,21,MetaData | Stage 5 | Log Tables,Constant
1811,21,MetaData | Stage 5 | Log Tables,SelectValues
1812,21,MetaData | Stage 5 | Log Tables,MergeJoin
1813,21,MetaData | Stage 5 | Log Tables,ReplaceString
1814,21,MetaData | Stage 5 | Log Tables,SelectValues
1815,21,MetaData | Stage 5 | Log Tables,PublishToVault
1816,24,MetaData | Stage 2 |Datasets and Dataflows,LoadFromVault
1817,24,MetaData | Stage 2 |Datasets and Dataflows,SelectValues
1818,24,MetaData | Stage 2 |Datasets and Dataflows,LoadFromVault
1819,24,MetaData | Stage 2 |Datasets and Dataflows,LoadFromVault
1820,24,MetaData | Stage 2 |Datasets and Dataflows,LoadFromVault
1821,24,MetaData | Stage 2 |Datasets and Dataflows,GroupBy
1822,24,MetaData | Stage 2 |Datasets and Dataflows,MergeJoin
1823,24,MetaData | Stage 2 |Datasets and Dataflows,ValueMapper
1824,24,MetaData | Stage 2 |Datasets and Dataflows,MergeJoin
1825,24,MetaData | Stage 2 |Datasets and Dataflows,Filter
1826,24,MetaData | Stage 2 |Datasets and Dataflows,SetValueField
1827,24,MetaData | Stage 2 |Datasets and Dataflows,Filter
1828,24,MetaData | Stage 2 |Datasets and Dataflows,UnionAll
1829,24,MetaData | Stage 2 |Datasets and Dataflows,SelectValues
1830,24,MetaData | Stage 2 |Datasets and Dataflows,LoadFromVault
1831,24,MetaData | Stage 2 |Datasets and Dataflows,ValueMapper
1832,24,MetaData | Stage 2 |Datasets and Dataflows,SelectValues
1833,24,MetaData | Stage 2 |Datasets and Dataflows,MergeJoin
1834,24,MetaData | Stage 2 |Datasets and Dataflows,MergeJoin
1835,24,MetaData | Stage 2 |Datasets and Dataflows,GroupBy
1836,24,MetaData | Stage 2 |Datasets and Dataflows,Constant
1837,24,MetaData | Stage 2 |Datasets and Dataflows,PublishToVault
1838,24,MetaData | Stage 2 |Datasets and Dataflows,MergeJoin
1839,24,MetaData | Stage 2 |Datasets and Dataflows,MergeJoin
1840,24,MetaData | Stage 2 |Datasets and Dataflows,GroupBy
1841,24,MetaData | Stage 2 |Datasets and Dataflows,SelectValues
1842,24,MetaData | Stage 2 |Datasets and Dataflows,Filter
1843,24,MetaData | Stage 2 |Datasets and Dataflows,Constant
1844,24,MetaData | Stage 2 |Datasets and Dataflows,GroupBy
1845,24,MetaData | Stage 2 |Datasets and Dataflows,SelectValues
1846,24,MetaData | Stage 2 |Datasets and Dataflows,Constant
1847,24,MetaData | Stage 2 |Datasets and Dataflows,Constant
1848,24,MetaData | Stage 2 |Datasets and Dataflows,ConcatFields
1849,24,MetaData | Stage 2 |Datasets and Dataflows,SelectValues
1850,24,MetaData | Stage 2 |Datasets and Dataflows,MergeJoin
1851,24,MetaData | Stage 2 |Datasets and Dataflows,GroupBy
1852,24,MetaData | Stage 2 |Datasets and Dataflows,Metadata
1853,24,MetaData | Stage 2 |Datasets and Dataflows,ReplaceString
1854,24,MetaData | Stage 2 |Datasets and Dataflows,Metadata
1855,24,MetaData | Stage 2 |Datasets and Dataflows,ConcatFields
1856,24,MetaData | Stage 2 |Datasets and Dataflows,MergeJoin
1857,24,MetaData | Stage 2 |Datasets and Dataflows,ReplaceString
1858,24,MetaData | Stage 2 |Datasets and Dataflows,Filter
1859,24,MetaData | Stage 2 |Datasets and Dataflows,Constant
1860,24,MetaData | Stage 2 |Datasets and Dataflows,GroupBy
1861,24,MetaData | Stage 2 |Datasets and Dataflows,SelectValues
1862,24,MetaData | Stage 2 |Datasets and Dataflows,MergeJoin
1863,24,MetaData | Stage 2 |Datasets and Dataflows,ReplaceString
1864,24,MetaData | Stage 2 |Datasets and Dataflows,Constant
1865,24,MetaData | Stage 2 |Datasets and Dataflows,PublishToVault
1866,24,MetaData | Stage 2 |Datasets and Dataflows,GroupBy
1867,24,MetaData | Stage 2 |Datasets and Dataflows,MergeJoin
1868,24,MetaData | Stage 2 |Datasets and Dataflows,Filter
1869,24,MetaData | Stage 2 |Datasets and Dataflows,SetValueField
1870,24,MetaData | Stage 2 |Datasets and Dataflows,Filter
1871,24,MetaData | Stage 2 |Datasets and Dataflows,UnionAll
1872,24,MetaData | Stage 2 |Datasets and Dataflows,ValueMapper
1873,24,MetaData | Stage 2 |Datasets and Dataflows,Constant
1874,24,MetaData | Stage 2 |Datasets and Dataflows,PublishToVault
1875,24,MetaData | Stage 2 |Datasets and Dataflows,LoadFromVault
1876,24,MetaData | Stage 2 |Datasets and Dataflows,LoadFromVault
1877,24,MetaData | Stage 2 |Datasets and Dataflows,GroupBy
1878,24,MetaData | Stage 2 |Datasets and Dataflows,SelectValues
1879,24,MetaData | Stage 2 |Datasets and Dataflows,Metadata
1880,24,MetaData | Stage 2 |Datasets and Dataflows,MergeJoin
1881,24,MetaData | Stage 2 |Datasets and Dataflows,Constant
1882,24,MetaData | Stage 2 |Datasets and Dataflows,Constant
1883,24,MetaData | Stage 2 |Datasets and Dataflows,ConcatFields
1884,24,MetaData | Stage 2 |Datasets and Dataflows,GroupBy
1885,24,MetaData | Stage 2 |Datasets and Dataflows,MergeJoin
1886,24,MetaData | Stage 2 |Datasets and Dataflows,SelectValues
1887,24,MetaData | Stage 2 |Datasets and Dataflows,Constant
1888,24,MetaData | Stage 2 |Datasets and Dataflows,PublishToVault
1889,128,[Meeting Alerts Demo] Rock Climbing Club Alerts,LoadFromVault
1890,128,[Meeting Alerts Demo] Rock Climbing Club Alerts,LoadFromVault
1891,128,[Meeting Alerts Demo] Rock Climbing Club Alerts,MergeJoin
1892,128,[Meeting Alerts Demo] Rock Climbing Club Alerts,ExpressionEvaluator
1893,128,[Meeting Alerts Demo] Rock Climbing Club Alerts,Filter
1894,128,[Meeting Alerts Demo] Rock Climbing Club Alerts,SelectValues
1895,128,[Meeting Alerts Demo] Rock Climbing Club Alerts,LoadFromVault
1896,128,[Meeting Alerts Demo] Rock Climbing Club Alerts,MergeJoin
1897,128,[Meeting Alerts Demo] Rock Climbing Club Alerts,Filter
1898,128,[Meeting Alerts Demo] Rock Climbing Club Alerts,ExpressionEvaluator
1899,128,[Meeting Alerts Demo] Rock Climbing Club Alerts,UnionAll
1900,128,[Meeting Alerts Demo] Rock Climbing Club Alerts,PublishToVault
